"module name","license","repository"
"@babel/code-frame@7.0.0-beta.44","MIT","https://github.com/babel/babel/tree/master/packages/babel-code-frame"
"@babel/generator@7.0.0-beta.44","MIT","https://github.com/babel/babel/tree/master/packages/babel-generator"
"@babel/helper-function-name@7.0.0-beta.44","MIT","https://github.com/babel/babel/tree/master/packages/babel-helper-function-name"
"@babel/helper-get-function-arity@7.0.0-beta.44","MIT","https://github.com/babel/babel/tree/master/packages/babel-helper-get-function-arity"
"@babel/helper-split-export-declaration@7.0.0-beta.44","MIT","https://github.com/babel/babel/tree/master/packages/babel-helper-split-export-declaration"
"@babel/highlight@7.0.0-beta.44","MIT","https://github.com/babel/babel/tree/master/packages/babel-highlight"
"@babel/runtime@7.0.0","MIT","https://github.com/babel/babel/tree/master/packages/babel-runtime"
"@babel/template@7.0.0-beta.44","MIT","https://github.com/babel/babel/tree/master/packages/babel-template"
"@babel/traverse@7.0.0-beta.44","MIT","https://github.com/babel/babel/tree/master/packages/babel-traverse"
"@babel/types@7.0.0-beta.44","MIT","https://github.com/babel/babel/tree/master/packages/babel-types"
"@material-ui/core@3.1.2","MIT","https://github.com/mui-org/material-ui"
"@material-ui/icons@3.0.1","MIT","https://github.com/mui-org/material-ui"
"@most/multicast@1.3.0","MIT","https://github.com/mostjs/multicast"
"@most/prelude@1.7.1","MIT","https://github.com/mostjs/prelude"
"@mrmlnc/readdir-enhanced@2.2.1","MIT","https://github.com/bigstickcarpet/readdir-enhanced"
"@nodelib/fs.stat@1.1.0","MIT","https://github.com/nodelib/nodelib/tree/master/packages/fs.stat"
"@samverschueren/stream-to-observable@0.3.0","MIT","https://github.com/SamVerschueren/stream-to-observable"
"@sindresorhus/is@0.7.0","MIT","https://github.com/sindresorhus/is"
"@types/jss@9.5.6","MIT","https://github.com/DefinitelyTyped/DefinitelyTyped"
"@types/prop-types@15.5.6","MIT","https://github.com/DefinitelyTyped/DefinitelyTyped"
"@types/react-transition-group@2.0.14","MIT","https://github.com/DefinitelyTyped/DefinitelyTyped"
"@types/react@16.4.14","MIT","https://github.com/DefinitelyTyped/DefinitelyTyped"
"@webassemblyjs/ast@1.4.3","MIT","https://github.com/xtuc/webassemblyjs"
"@webassemblyjs/floating-point-hex-parser@1.4.3","MIT","https://github.com/xtuc/webassemblyjs"
"@webassemblyjs/helper-buffer@1.4.3","MIT","https://github.com/xtuc/webassemblyjs"
"@webassemblyjs/helper-code-frame@1.4.3","MIT","https://github.com/xtuc/webassemblyjs"
"@webassemblyjs/helper-fsm@1.4.3","ISC",""
"@webassemblyjs/helper-wasm-bytecode@1.4.3","MIT","https://github.com/xtuc/webassemblyjs"
"@webassemblyjs/helper-wasm-section@1.4.3","MIT","https://github.com/xtuc/webassemblyjs"
"@webassemblyjs/leb128@1.4.3","Apache*",""
"@webassemblyjs/validation@1.4.3","MIT","https://github.com/xtuc/webassemblyjs"
"@webassemblyjs/wasm-edit@1.4.3","MIT","https://github.com/xtuc/webassemblyjs"
"@webassemblyjs/wasm-gen@1.4.3","MIT","https://github.com/xtuc/webassemblyjs"
"@webassemblyjs/wasm-opt@1.4.3","MIT","https://github.com/xtuc/webassemblyjs"
"@webassemblyjs/wasm-parser@1.4.3","MIT","https://github.com/xtuc/webassemblyjs"
"@webassemblyjs/wast-parser@1.4.3","MIT","https://github.com/xtuc/webassemblyjs"
"@webassemblyjs/wast-printer@1.4.3","MIT","https://github.com/xtuc/webassemblyjs"
"abbrev@1.1.1","ISC","https://github.com/isaacs/abbrev-js"
"accepts@1.3.4","MIT","https://github.com/jshttp/accepts"
"accepts@1.3.5","MIT","https://github.com/jshttp/accepts"
"acorn-dynamic-import@3.0.0","MIT","https://github.com/kesne/acorn-dynamic-import"
"acorn-jsx@3.0.1","MIT","https://github.com/RReverser/acorn-jsx"
"acorn@3.3.0","MIT","https://github.com/ternjs/acorn"
"acorn@5.5.3","MIT","https://github.com/acornjs/acorn"
"after@0.8.2","MIT","https://github.com/Raynos/after"
"ajv-errors@1.0.1","MIT","https://github.com/epoberezkin/ajv-errors"
"ajv-keywords@2.1.1","MIT","https://github.com/epoberezkin/ajv-keywords"
"ajv-keywords@3.1.0","MIT","https://github.com/epoberezkin/ajv-keywords"
"ajv-keywords@3.2.0","MIT","https://github.com/epoberezkin/ajv-keywords"
"ajv-keywords@3.4.0","MIT","https://github.com/epoberezkin/ajv-keywords"
"ajv@5.5.2","MIT","https://github.com/epoberezkin/ajv"
"ajv@6.4.0","MIT","https://github.com/epoberezkin/ajv"
"ajv@6.5.0","MIT","https://github.com/epoberezkin/ajv"
"ajv@6.9.1","MIT","https://github.com/epoberezkin/ajv"
"alphanum-sort@1.0.2","MIT","https://github.com/TrySound/alphanum-sort"
"amdefine@1.0.1","BSD-3-Clause OR MIT","https://github.com/jrburke/amdefine"
"ansi-colors@3.2.3","MIT","https://github.com/doowb/ansi-colors"
"ansi-escapes@1.4.0","MIT","https://github.com/sindresorhus/ansi-escapes"
"ansi-escapes@3.1.0","MIT","https://github.com/sindresorhus/ansi-escapes"
"ansi-html@0.0.7","Apache-2.0","https://github.com/Tjatse/ansi-html"
"ansi-regex@2.1.1","MIT","https://github.com/chalk/ansi-regex"
"ansi-regex@3.0.0","MIT","https://github.com/chalk/ansi-regex"
"ansi-styles@1.0.0","MIT","https://github.com/sindresorhus/ansi-styles"
"ansi-styles@2.2.1","MIT","https://github.com/chalk/ansi-styles"
"ansi-styles@3.2.1","MIT","https://github.com/chalk/ansi-styles"
"any-observable@0.3.0","MIT","https://github.com/sindresorhus/any-observable"
"anymatch@1.3.2","ISC","https://github.com/es128/anymatch"
"anymatch@2.0.0","ISC","https://github.com/micromatch/anymatch"
"apache-crypt@1.2.1","MIT","https://github.com/http-auth/apache-crypt"
"apache-md5@1.1.2","MIT","https://github.com/http-auth/apache-md5"
"aproba@1.2.0","ISC","https://github.com/iarna/aproba"
"are-we-there-yet@1.1.5","ISC","https://github.com/iarna/are-we-there-yet"
"argparse@1.0.10","MIT","https://github.com/nodeca/argparse"
"arr-diff@2.0.0","MIT","https://github.com/jonschlinkert/arr-diff"
"arr-diff@4.0.0","MIT","https://github.com/jonschlinkert/arr-diff"
"arr-flatten@1.1.0","MIT","https://github.com/jonschlinkert/arr-flatten"
"arr-union@3.1.0","MIT","https://github.com/jonschlinkert/arr-union"
"array-differ@1.0.0","MIT","https://github.com/sindresorhus/array-differ"
"array-find-index@1.0.2","MIT","https://github.com/sindresorhus/array-find-index"
"array-flatten@1.1.1","MIT","https://github.com/blakeembrey/array-flatten"
"array-flatten@2.1.2","MIT","https://github.com/blakeembrey/array-flatten"
"array-includes@3.0.3","MIT","https://github.com/ljharb/array-includes"
"array-union@1.0.2","MIT","https://github.com/sindresorhus/array-union"
"array-uniq@1.0.3","MIT","https://github.com/sindresorhus/array-uniq"
"array-unique@0.2.1","MIT","https://github.com/jonschlinkert/array-unique"
"array-unique@0.3.2","MIT","https://github.com/jonschlinkert/array-unique"
"arraybuffer.slice@0.0.7","MIT","https://github.com/rase-/arraybuffer.slice"
"arrify@1.0.1","MIT","https://github.com/sindresorhus/arrify"
"asap@2.0.6","MIT","https://github.com/kriskowal/asap"
"asn1.js@4.10.1","MIT","https://github.com/indutny/asn1.js"
"asn1@0.2.4","MIT","https://github.com/joyent/node-asn1"
"assert-plus@1.0.0","MIT","https://github.com/mcavage/node-assert-plus"
"assert@1.4.1","MIT","https://github.com/defunctzombie/commonjs-assert"
"assign-symbols@1.0.0","MIT","https://github.com/jonschlinkert/assign-symbols"
"ast-types@0.10.1","MIT","https://github.com/benjamn/ast-types"
"ast-types@0.11.3","MIT","https://github.com/benjamn/ast-types"
"async-each@1.0.1","MIT","https://github.com/paulmillr/async-each"
"async-foreach@0.1.3","MIT*","https://github.com/cowboy/javascript-sync-async-foreach"
"async-limiter@1.0.0","MIT","https://github.com/strml/async-limiter"
"async@1.5.2","MIT","https://github.com/caolan/async"
"async@2.6.0","MIT","https://github.com/caolan/async"
"asynckit@0.4.0","MIT","https://github.com/alexindigo/asynckit"
"atob@2.1.1","(MIT OR Apache-2.0)","git://git.coolaj86.com/coolaj86/atob.js"
"autoprefixer@6.7.7","MIT","https://github.com/postcss/autoprefixer"
"aws-sign2@0.7.0","Apache-2.0","https://github.com/mikeal/aws-sign"
"aws4@1.8.0","MIT","https://github.com/mhart/aws4"
"babel-cli@6.26.0","MIT","https://github.com/babel/babel/tree/master/packages/babel-cli"
"babel-code-frame@6.26.0","MIT","https://github.com/babel/babel/tree/master/packages/babel-code-frame"
"babel-core@6.26.3","MIT","https://github.com/babel/babel/tree/master/packages/babel-core"
"babel-eslint@8.2.3","MIT","https://github.com/babel/babel-eslint"
"babel-generator@6.26.1","MIT","https://github.com/babel/babel/tree/master/packages/babel-generator"
"babel-helper-bindify-decorators@6.24.1","MIT","https://github.com/babel/babel/tree/master/packages/babel-helper-bindify-decorators"
"babel-helper-builder-binary-assignment-operator-visitor@6.24.1","MIT","https://github.com/babel/babel/tree/master/packages/babel-helper-builder-binary-assignment-operator-visitor"
"babel-helper-builder-react-jsx@6.26.0","MIT","https://github.com/babel/babel/tree/master/packages/babel-helper-builder-react-jsx"
"babel-helper-call-delegate@6.24.1","MIT","https://github.com/babel/babel/tree/master/packages/babel-helper-call-delegate"
"babel-helper-define-map@6.26.0","MIT","https://github.com/babel/babel/tree/master/packages/babel-helper-define-map"
"babel-helper-explode-assignable-expression@6.24.1","MIT","https://github.com/babel/babel/tree/master/packages/babel-helper-explode-assignable-expression"
"babel-helper-explode-class@6.24.1","MIT","https://github.com/babel/babel/tree/master/packages/babel-helper-explode-class"
"babel-helper-function-name@6.24.1","MIT","https://github.com/babel/babel/tree/master/packages/babel-helper-function-name"
"babel-helper-get-function-arity@6.24.1","MIT","https://github.com/babel/babel/tree/master/packages/babel-helper-get-function-arity"
"babel-helper-hoist-variables@6.24.1","MIT","https://github.com/babel/babel/tree/master/packages/babel-helper-hoist-variables"
"babel-helper-optimise-call-expression@6.24.1","MIT","https://github.com/babel/babel/tree/master/packages/babel-helper-optimise-call-expression"
"babel-helper-regex@6.26.0","MIT","https://github.com/babel/babel/tree/master/packages/babel-helper-regex"
"babel-helper-remap-async-to-generator@6.24.1","MIT","https://github.com/babel/babel/tree/master/packages/babel-helper-remap-async-to-generator"
"babel-helper-replace-supers@6.24.1","MIT","https://github.com/babel/babel/tree/master/packages/babel-helper-replace-supers"
"babel-helpers@6.24.1","MIT","https://github.com/babel/babel/tree/master/packages/babel-helpers"
"babel-loader@7.1.4","MIT","https://github.com/babel/babel-loader"
"babel-messages@6.23.0","MIT","https://github.com/babel/babel/tree/master/packages/babel-messages"
"babel-plugin-check-es2015-constants@6.22.0","MIT","https://github.com/babel/babel/tree/master/packages/babel-plugin-check-es2015-constants"
"babel-plugin-syntax-async-functions@6.13.0","MIT","https://github.com/babel/babel/tree/master/packages/babel-plugin-syntax-async-functions"
"babel-plugin-syntax-async-generators@6.13.0","MIT","https://github.com/babel/babel/tree/master/packages/babel-plugin-syntax-async-generators"
"babel-plugin-syntax-class-constructor-call@6.18.0","MIT","https://github.com/babel/babel/tree/master/packages/babel-plugin-syntax-class-constructor-call"
"babel-plugin-syntax-class-properties@6.13.0","MIT","https://github.com/babel/babel/tree/master/packages/babel-plugin-syntax-class-properties"
"babel-plugin-syntax-decorators@6.13.0","MIT","https://github.com/babel/babel/tree/master/packages/babel-plugin-syntax-decorators"
"babel-plugin-syntax-do-expressions@6.13.0","MIT","https://github.com/babel/babel/tree/master/packages/babel-plugin-syntax-do-expressions"
"babel-plugin-syntax-dynamic-import@6.18.0","MIT","https://github.com/babel/babel/tree/master/packages/babel-plugin-syntax-dynamic-import"
"babel-plugin-syntax-exponentiation-operator@6.13.0","MIT","https://github.com/babel/babel/tree/master/packages/babel-plugin-syntax-exponentation-operator"
"babel-plugin-syntax-export-extensions@6.13.0","MIT","https://github.com/babel/babel/tree/master/packages/babel-plugin-syntax-export-extensions"
"babel-plugin-syntax-flow@6.18.0","MIT","https://github.com/babel/babel/tree/master/packages/babel-plugin-syntax-flow"
"babel-plugin-syntax-function-bind@6.13.0","MIT","https://github.com/babel/babel/tree/master/packages/babel-plugin-syntax-function-bind"
"babel-plugin-syntax-jsx@6.18.0","MIT","https://github.com/babel/babel/tree/master/packages/babel-plugin-syntax-jsx"
"babel-plugin-syntax-object-rest-spread@6.13.0","MIT","https://github.com/babel/babel/tree/master/packages/babel-plugin-syntax-object-rest-spread"
"babel-plugin-syntax-trailing-function-commas@6.22.0","MIT","https://github.com/babel/babel/tree/master/packages/babel-plugin-syntax-trailing-function-commas"
"babel-plugin-transform-async-generator-functions@6.24.1","MIT","https://github.com/babel/babel/tree/master/packages/babel-plugin-transform-async-generator-functions"
"babel-plugin-transform-async-to-generator@6.24.1","MIT","https://github.com/babel/babel/tree/master/packages/babel-plugin-transform-async-to-generator"
"babel-plugin-transform-class-constructor-call@6.24.1","MIT","https://github.com/babel/babel/tree/master/packages/babel-plugin-transform-class-constructor-call"
"babel-plugin-transform-class-properties@6.24.1","MIT","https://github.com/babel/babel/tree/master/packages/babel-plugin-transform-class-properties"
"babel-plugin-transform-decorators@6.24.1","MIT","https://github.com/babel/babel/tree/master/packages/babel-plugin-transform-decorators"
"babel-plugin-transform-do-expressions@6.22.0","MIT","https://github.com/babel/babel/tree/master/packages/babel-plugin-transform-do-expressions"
"babel-plugin-transform-es2015-arrow-functions@6.22.0","MIT","https://github.com/babel/babel/tree/master/packages/babel-plugin-transform-es2015-arrow-functions"
"babel-plugin-transform-es2015-block-scoped-functions@6.22.0","MIT","https://github.com/babel/babel/tree/master/packages/babel-plugin-transform-es2015-block-scoped-functions"
"babel-plugin-transform-es2015-block-scoping@6.26.0","MIT","https://github.com/babel/babel/tree/master/packages/babel-plugin-transform-es2015-block-scoping"
"babel-plugin-transform-es2015-classes@6.24.1","MIT","https://github.com/babel/babel/tree/master/packages/babel-plugin-transform-es2015-classes"
"babel-plugin-transform-es2015-computed-properties@6.24.1","MIT","https://github.com/babel/babel/tree/master/packages/babel-plugin-transform-es2015-computed-properties"
"babel-plugin-transform-es2015-destructuring@6.23.0","MIT","https://github.com/babel/babel/tree/master/packages/babel-plugin-transform-es2015-destructuring"
"babel-plugin-transform-es2015-duplicate-keys@6.24.1","MIT","https://github.com/babel/babel/tree/master/packages/babel-plugin-transform-es2015-duplicate-keys"
"babel-plugin-transform-es2015-for-of@6.23.0","MIT","https://github.com/babel/babel/tree/master/packages/babel-plugin-transform-es2015-for-of"
"babel-plugin-transform-es2015-function-name@6.24.1","MIT","https://github.com/babel/babel/tree/master/packages/babel-plugin-transform-es2015-function-name"
"babel-plugin-transform-es2015-literals@6.22.0","MIT","https://github.com/babel/babel/tree/master/packages/babel-plugin-transform-es2015-literals"
"babel-plugin-transform-es2015-modules-amd@6.24.1","MIT","https://github.com/babel/babel/tree/master/packages/babel-plugin-transform-es2015-modules-amd"
"babel-plugin-transform-es2015-modules-commonjs@6.26.2","MIT","https://github.com/babel/babel/tree/master/packages/babel-plugin-transform-es2015-modules-commonjs"
"babel-plugin-transform-es2015-modules-systemjs@6.24.1","MIT","https://github.com/babel/babel/tree/master/packages/babel-plugin-transform-es2015-modules-systemjs"
"babel-plugin-transform-es2015-modules-umd@6.24.1","MIT","https://github.com/babel/babel/tree/master/packages/babel-plugin-transform-es2015-modules-umd"
"babel-plugin-transform-es2015-object-super@6.24.1","MIT","https://github.com/babel/babel/tree/master/packages/babel-plugin-transform-es2015-object-super"
"babel-plugin-transform-es2015-parameters@6.24.1","MIT","https://github.com/babel/babel/tree/master/packages/babel-plugin-transform-es2015-parameters"
"babel-plugin-transform-es2015-shorthand-properties@6.24.1","MIT","https://github.com/babel/babel/tree/master/packages/babel-plugin-transform-es2015-shorthand-properties"
"babel-plugin-transform-es2015-spread@6.22.0","MIT","https://github.com/babel/babel/tree/master/packages/babel-plugin-transform-es2015-spread"
"babel-plugin-transform-es2015-sticky-regex@6.24.1","MIT","https://github.com/babel/babel/tree/master/packages/babel-plugin-transform-es2015-sticky-regex"
"babel-plugin-transform-es2015-template-literals@6.22.0","MIT","https://github.com/babel/babel/tree/master/packages/babel-plugin-transform-es2015-template-literals"
"babel-plugin-transform-es2015-typeof-symbol@6.23.0","MIT","https://github.com/babel/babel/tree/master/packages/babel-plugin-transform-es2015-typeof-symbol"
"babel-plugin-transform-es2015-unicode-regex@6.24.1","MIT","https://github.com/babel/babel/tree/master/packages/babel-plugin-transform-es2015-unicode-regex"
"babel-plugin-transform-exponentiation-operator@6.24.1","MIT","https://github.com/babel/babel/tree/master/packages/babel-plugin-transform-exponentiation-operator"
"babel-plugin-transform-export-extensions@6.22.0","MIT","https://github.com/babel/babel/tree/master/packages/babel-plugin-transform-export-extensions"
"babel-plugin-transform-flow-strip-types@6.22.0","MIT","https://github.com/babel/babel/tree/master/packages/babel-plugin-transform-flow-strip-types"
"babel-plugin-transform-function-bind@6.22.0","MIT","https://github.com/babel/babel/tree/master/packages/babel-plugin-transform-function-bind"
"babel-plugin-transform-object-rest-spread@6.26.0","MIT","https://github.com/babel/babel/tree/master/packages/babel-plugin-transform-object-rest-spread"
"babel-plugin-transform-react-display-name@6.25.0","MIT","https://github.com/babel/babel/tree/master/packages/babel-plugin-transform-react-display-name"
"babel-plugin-transform-react-jsx-self@6.22.0","MIT","https://github.com/babel/babel/tree/master/packages/babel-plugin-transform-react-jsx-self"
"babel-plugin-transform-react-jsx-source@6.22.0","MIT","https://github.com/babel/babel/tree/master/packages/babel-plugin-transform-react-jsx-source"
"babel-plugin-transform-react-jsx@6.24.1","MIT","https://github.com/babel/babel/tree/master/packages/babel-plugin-transform-react-jsx"
"babel-plugin-transform-regenerator@6.26.0","MIT","https://github.com/babel/babel/tree/master/packages/babel-plugin-transform-regenerator"
"babel-plugin-transform-strict-mode@6.24.1","MIT","https://github.com/babel/babel/tree/master/packages/babel-plugin-transform-strict-mode"
"babel-polyfill@6.26.0","MIT","https://github.com/babel/babel/tree/master/packages/babel-polyfill"
"babel-preset-env@1.7.0","MIT","https://github.com/babel/babel-preset-env"
"babel-preset-es2015@6.24.1","MIT","https://github.com/babel/babel/tree/master/packages/babel-preset-es2015"
"babel-preset-flow@6.23.0","MIT","https://github.com/babel/babel/tree/master/packages/babel-preset-flow"
"babel-preset-react@6.24.1","MIT","https://github.com/babel/babel/tree/master/packages/babel-preset-react"
"babel-preset-stage-0@6.24.1","MIT","https://github.com/babel/babel/tree/master/packages/babel-preset-stage-0"
"babel-preset-stage-1@6.24.1","MIT","https://github.com/babel/babel/tree/master/packages/babel-preset-stage-1"
"babel-preset-stage-2@6.24.1","MIT","https://github.com/babel/babel/tree/master/packages/babel-preset-stage-2"
"babel-preset-stage-3@6.24.1","MIT","https://github.com/babel/babel/tree/master/packages/babel-preset-stage-3"
"babel-register@6.26.0","MIT","https://github.com/babel/babel/tree/master/packages/babel-register"
"babel-runtime@6.26.0","MIT","https://github.com/babel/babel/tree/master/packages/babel-runtime"
"babel-template@6.26.0","MIT","https://github.com/babel/babel/tree/master/packages/babel-template"
"babel-traverse@6.26.0","MIT","https://github.com/babel/babel/tree/master/packages/babel-traverse"
"babel-types@6.26.0","MIT","https://github.com/babel/babel/tree/master/packages/babel-types"
"babylon@6.18.0","MIT","https://github.com/babel/babylon"
"babylon@7.0.0-beta.44","MIT","https://github.com/babel/babel/tree/master/packages/babylon"
"babylon@7.0.0-beta.47","MIT","https://github.com/babel/babel/tree/master/packages/babylon"
"backo2@1.0.2","MIT","https://github.com/mokesmokes/backo"
"balanced-match@0.4.2","MIT","https://github.com/juliangruber/balanced-match"
"balanced-match@1.0.0","MIT","https://github.com/juliangruber/balanced-match"
"base64-arraybuffer@0.1.5","MIT","https://github.com/niklasvh/base64-arraybuffer"
"base64-js@1.3.0","MIT","https://github.com/beatgammit/base64-js"
"base64id@1.0.0","MIT","https://github.com/faeldt/base64id"
"base@0.11.2","MIT","https://github.com/node-base/base"
"basic-auth@2.0.1","MIT","https://github.com/jshttp/basic-auth"
"batch@0.6.1","MIT","https://github.com/visionmedia/batch"
"bcrypt-pbkdf@1.0.2","BSD-3-Clause","https://github.com/joyent/node-bcrypt-pbkdf"
"bcryptjs@2.4.3","MIT","https://github.com/dcodeIO/bcrypt.js"
"better-assert@1.0.2","MIT*","https://github.com/visionmedia/better-assert"
"bfj-node4@5.3.1","MIT","https://github.com/philbooth/bfj"
"big.js@3.2.0","MIT","https://github.com/MikeMcl/big.js"
"binary-extensions@1.10.0","MIT","https://github.com/sindresorhus/binary-extensions"
"binaryextensions@2.1.1","MIT","https://github.com/bevry/binaryextensions"
"blessed@0.1.81","MIT","https://github.com/chjj/blessed"
"blob@0.0.4","MIT*","https://github.com/rase-/blob"
"block-stream@0.0.9","ISC","https://github.com/isaacs/block-stream"
"bluebird@3.5.1","MIT","https://github.com/petkaantonov/bluebird"
"bn.js@4.11.8","MIT","https://github.com/indutny/bn.js"
"body-parser@1.18.2","MIT","https://github.com/expressjs/body-parser"
"bonjour@3.5.0","MIT","https://github.com/watson/bonjour"
"boolbase@1.0.0","ISC","https://github.com/fb55/boolbase"
"brace-expansion@1.1.8","MIT","https://github.com/juliangruber/brace-expansion"
"braces@1.8.5","MIT","https://github.com/jonschlinkert/braces"
"braces@2.3.2","MIT","https://github.com/micromatch/braces"
"brcast@3.0.1","MIT","https://github.com/vesparny/brcast"
"brorand@1.1.0","MIT","https://github.com/indutny/brorand"
"browserify-aes@1.2.0","MIT","https://github.com/crypto-browserify/browserify-aes"
"browserify-cipher@1.0.1","MIT","https://github.com/crypto-browserify/browserify-cipher"
"browserify-des@1.0.1","MIT","https://github.com/crypto-browserify/browserify-des"
"browserify-rsa@4.0.1","MIT","https://github.com/crypto-browserify/browserify-rsa"
"browserify-sign@4.0.4","ISC","https://github.com/crypto-browserify/browserify-sign"
"browserify-zlib@0.2.0","MIT","https://github.com/devongovett/browserify-zlib"
"browserslist@1.7.7","MIT","https://github.com/ai/browserslist"
"browserslist@3.2.8","MIT","https://github.com/browserslist/browserslist"
"buffer-from@1.0.0","MIT","https://github.com/LinusU/buffer-from"
"buffer-indexof@1.1.1","MIT","https://github.com/soldair/node-buffer-indexof"
"buffer-xor@1.0.3","MIT","https://github.com/crypto-browserify/buffer-xor"
"buffer@4.9.1","MIT","https://github.com/feross/buffer"
"builtin-modules@1.1.1","MIT","https://github.com/sindresorhus/builtin-modules"
"builtin-status-codes@3.0.0","MIT","https://github.com/bendrucker/builtin-status-codes"
"bytes@3.0.0","MIT","https://github.com/visionmedia/bytes.js"
"cacache@10.0.4","ISC","https://github.com/zkat/cacache"
"cache-base@1.0.1","MIT","https://github.com/jonschlinkert/cache-base"
"cacheable-request@2.1.4","MIT","https://github.com/lukechilds/cacheable-request"
"call-me-maybe@1.0.1","MIT","https://github.com/limulus/call-me-maybe"
"caller-path@0.1.0","MIT","https://github.com/sindresorhus/caller-path"
"callsite@1.0.0","MIT*",""
"callsites@0.2.0","MIT","https://github.com/sindresorhus/callsites"
"camel-case@3.0.0","MIT","https://github.com/blakeembrey/camel-case"
"camelcase-keys@2.1.0","MIT","https://github.com/sindresorhus/camelcase-keys"
"camelcase@2.1.1","MIT","https://github.com/sindresorhus/camelcase"
"camelcase@3.0.0","MIT","https://github.com/sindresorhus/camelcase"
"camelcase@4.1.0","MIT","https://github.com/sindresorhus/camelcase"
"caniuse-api@1.6.1","MIT","https://github.com/nyalab/caniuse-api"
"caniuse-db@1.0.30000823","CC-BY-4.0","https://github.com/Fyrd/caniuse"
"caniuse-lite@1.0.30000846","CC-BY-4.0","https://github.com/ben-eb/caniuse-lite"
"caseless@0.12.0","Apache-2.0","https://github.com/mikeal/caseless"
"chalk@0.4.0","MIT","https://github.com/sindresorhus/chalk"
"chalk@1.1.3","MIT","https://github.com/chalk/chalk"
"chalk@2.3.2","MIT","https://github.com/chalk/chalk"
"chalk@2.4.1","MIT","https://github.com/chalk/chalk"
"change-emitter@0.1.6","MIT","https://github.com/acdlite/change-emitter"
"chardet@0.4.2","MIT","https://github.com/runk/node-chardet"
"check-types@7.3.0","MIT","https://github.com/philbooth/check-types.js"
"chokidar@1.7.0","MIT","https://github.com/paulmillr/chokidar"
"chokidar@2.0.3","MIT","https://github.com/paulmillr/chokidar"
"chokidar@2.1.2","MIT","https://github.com/paulmillr/chokidar"
"chownr@1.0.1","ISC","https://github.com/isaacs/chownr"
"chrome-trace-event@0.1.3","MIT","github.com:samccone/chrome-trace-event"
"cipher-base@1.0.4","MIT","https://github.com/crypto-browserify/cipher-base"
"circular-json@0.3.3","MIT","https://github.com/WebReflection/circular-json"
"clap@1.2.3","MIT","https://github.com/lahmatiy/clap"
"class-utils@0.3.6","MIT","https://github.com/jonschlinkert/class-utils"
"classnames@2.2.6","MIT","https://github.com/JedWatson/classnames"
"clean-css@4.1.11","MIT","https://github.com/jakubpawlowicz/clean-css"
"clean-webpack-plugin@0.1.19","MIT","https://github.com/johnagan/clean-webpack-plugin"
"cli-cursor@1.0.2","MIT","https://github.com/sindresorhus/cli-cursor"
"cli-cursor@2.1.0","MIT","https://github.com/sindresorhus/cli-cursor"
"cli-spinners@0.1.2","MIT","https://github.com/sindresorhus/cli-spinners"
"cli-table@0.3.1","MIT*","https://github.com/Automattic/cli-table"
"cli-truncate@0.2.1","MIT","https://github.com/sindresorhus/cli-truncate"
"cli-width@2.2.0","ISC","https://github.com/knownasilya/cli-width"
"cliui@3.2.0","ISC","https://github.com/yargs/cliui"
"cliui@4.1.0","ISC","https://github.com/yargs/cliui"
"clone-buffer@1.0.0","MIT","https://github.com/gulpjs/clone-buffer"
"clone-deep@2.0.2","MIT","https://github.com/jonschlinkert/clone-deep"
"clone-response@1.0.2","MIT","https://github.com/lukechilds/clone-response"
"clone-stats@0.0.1","MIT","https://github.com/hughsk/clone-stats"
"clone-stats@1.0.0","MIT","https://github.com/hughsk/clone-stats"
"clone@1.0.4","MIT","https://github.com/pvorb/node-clone"
"clone@2.1.1","MIT","https://github.com/pvorb/node-clone"
"cloneable-readable@1.1.2","MIT","https://github.com/mcollina/cloneable-readable"
"co@4.6.0","MIT","https://github.com/tj/co"
"coa@1.0.4","MIT","https://github.com/veged/coa"
"code-point-at@1.1.0","MIT","https://github.com/sindresorhus/code-point-at"
"collection-visit@1.0.0","MIT","https://github.com/jonschlinkert/collection-visit"
"color-convert@1.9.1","MIT","https://github.com/Qix-/color-convert"
"color-name@1.1.3","MIT","https://github.com/dfcreative/color-name"
"color-string@0.3.0","MIT","https://github.com/harthur/color-string"
"color@0.11.4","MIT","https://github.com/Qix-/color"
"colormin@1.1.2","MIT","https://github.com/ben-eb/colormin"
"colors@1.0.3","MIT","https://github.com/Marak/colors.js"
"colors@1.1.2","MIT","https://github.com/Marak/colors.js"
"colors@1.3.3","MIT","https://github.com/Marak/colors.js"
"combined-stream@1.0.7","MIT","https://github.com/felixge/node-combined-stream"
"commander@2.11.0","MIT","https://github.com/tj/commander.js"
"commander@2.13.0","MIT","https://github.com/tj/commander.js"
"commander@2.15.1","MIT","https://github.com/tj/commander.js"
"commander@2.17.1","MIT","https://github.com/tj/commander.js"
"commondir@1.0.1","MIT","https://github.com/substack/node-commondir"
"component-bind@1.0.0","MIT*","https://github.com/component/bind"
"component-emitter@1.2.1","MIT","https://github.com/component/emitter"
"component-inherit@0.0.3","MIT*","https://github.com/component/inherit"
"compressible@2.0.16","MIT","https://github.com/jshttp/compressible"
"compression@1.7.3","MIT","https://github.com/expressjs/compression"
"concat-map@0.0.1","MIT","https://github.com/substack/node-concat-map"
"concat-stream@1.6.2","MIT","https://github.com/maxogden/concat-stream"
"connect-history-api-fallback@1.6.0","MIT","https://github.com/bripkens/connect-history-api-fallback"
"connect@3.6.6","MIT","https://github.com/senchalabs/connect"
"console-browserify@1.1.0","MIT","https://github.com/Raynos/console-browserify"
"console-control-strings@1.1.0","ISC","https://github.com/iarna/console-control-strings"
"constants-browserify@1.0.0","MIT","https://github.com/juliangruber/constants-browserify"
"contains-path@0.1.0","MIT","https://github.com/jonschlinkert/contains-path"
"content-disposition@0.5.2","MIT","https://github.com/jshttp/content-disposition"
"content-type@1.0.4","MIT","https://github.com/jshttp/content-type"
"convert-source-map@1.5.0","MIT","https://github.com/thlorenz/convert-source-map"
"convert-source-map@1.5.1","MIT","https://github.com/thlorenz/convert-source-map"
"cookie-signature@1.0.6","MIT","https://github.com/visionmedia/node-cookie-signature"
"cookie@0.3.1","MIT","https://github.com/jshttp/cookie"
"copy-concurrently@1.0.5","ISC","https://github.com/npm/copy-concurrently"
"copy-descriptor@0.1.1","MIT","https://github.com/jonschlinkert/copy-descriptor"
"core-js@1.2.7","MIT","https://github.com/zloirock/core-js"
"core-js@2.5.1","MIT","https://github.com/zloirock/core-js"
"core-util-is@1.0.2","MIT","https://github.com/isaacs/core-util-is"
"cors@2.8.5","MIT","https://github.com/expressjs/cors"
"create-ecdh@4.0.3","MIT","https://github.com/crypto-browserify/createECDH"
"create-hash@1.2.0","MIT","https://github.com/crypto-browserify/createHash"
"create-hmac@1.1.7","MIT","https://github.com/crypto-browserify/createHmac"
"cross-spawn@3.0.1","MIT","https://github.com/IndigoUnited/node-cross-spawn"
"cross-spawn@5.1.0","MIT","https://github.com/IndigoUnited/node-cross-spawn"
"cross-spawn@6.0.5","MIT","https://github.com/moxystudio/node-cross-spawn"
"crypto-browserify@3.12.0","MIT","https://github.com/crypto-browserify/crypto-browserify"
"css-color-names@0.0.4","MIT","https://github.com/bahamas10/css-color-names"
"css-loader@0.28.11","MIT","https://github.com/webpack-contrib/css-loader"
"css-select@1.2.0","BSD*","https://github.com/fb55/css-select"
"css-selector-tokenizer@0.7.0","MIT","https://github.com/css-modules/css-selector-tokenizer"
"css-vendor@0.3.8","MIT","https://github.com/cssinjs/css-vendor"
"css-what@2.1.0","BSD*","https://github.com/fb55/css-what"
"cssesc@0.1.0","MIT","https://github.com/mathiasbynens/cssesc"
"cssnano@3.10.0","MIT","https://github.com/ben-eb/cssnano"
"csso@2.3.2","MIT","https://github.com/css/csso"
"csstype@2.5.7","MIT","https://github.com/frenic/csstype"
"currently-unhandled@0.4.1","MIT","https://github.com/jamestalmage/currently-unhandled"
"cyclist@0.2.2","MIT*","https://github.com/mafintosh/cyclist"
"dargs@5.1.0","MIT","https://github.com/sindresorhus/dargs"
"dashdash@1.14.1","MIT","https://github.com/trentm/node-dashdash"
"date-fns@1.29.0","MIT","https://github.com/date-fns/date-fns"
"date-now@0.1.4","MIT","https://github.com/Colingo/date-now"
"dateformat@3.0.3","MIT","https://github.com/felixge/node-dateformat"
"debounce@1.2.0","MIT","https://github.com/component/debounce"
"debug@2.6.9","MIT","https://github.com/visionmedia/debug"
"debug@3.1.0","MIT","https://github.com/visionmedia/debug"
"debug@3.2.6","MIT","https://github.com/visionmedia/debug"
"debug@4.1.1","MIT","https://github.com/visionmedia/debug"
"decamelize@1.2.0","MIT","https://github.com/sindresorhus/decamelize"
"decamelize@2.0.0","MIT","https://github.com/sindresorhus/decamelize"
"decode-uri-component@0.2.0","MIT","https://github.com/SamVerschueren/decode-uri-component"
"decompress-response@3.3.0","MIT","https://github.com/sindresorhus/decompress-response"
"deep-equal@1.0.1","MIT","https://github.com/substack/node-deep-equal"
"deep-extend@0.5.1","MIT","https://github.com/unclechu/node-deep-extend"
"deep-is@0.1.3","MIT","https://github.com/thlorenz/deep-is"
"deepmerge@2.2.1","MIT","https://github.com/KyleAMathews/deepmerge"
"default-gateway@2.7.2","BSD-2-Clause","https://github.com/silverwind/default-gateway"
"define-properties@1.1.2","MIT","https://github.com/ljharb/define-properties"
"define-property@0.2.5","MIT","https://github.com/jonschlinkert/define-property"
"define-property@1.0.0","MIT","https://github.com/jonschlinkert/define-property"
"define-property@2.0.2","MIT","https://github.com/jonschlinkert/define-property"
"defined@1.0.0","MIT","https://github.com/substack/defined"
"del@2.2.2","MIT","https://github.com/sindresorhus/del"
"del@3.0.0","MIT","https://github.com/sindresorhus/del"
"delayed-stream@1.0.0","MIT","https://github.com/felixge/node-delayed-stream"
"delegates@1.0.0","MIT","https://github.com/visionmedia/node-delegates"
"depd@1.1.1","MIT","https://github.com/dougwilson/nodejs-depd"
"depd@1.1.2","MIT","https://github.com/dougwilson/nodejs-depd"
"des.js@1.0.0","MIT","https://github.com/indutny/des.js"
"destroy@1.0.4","MIT","https://github.com/stream-utils/destroy"
"detect-conflict@1.0.1","MIT","https://github.com/SBoudrias/detect-conflict"
"detect-indent@4.0.0","MIT","https://github.com/sindresorhus/detect-indent"
"detect-node@2.0.4","ISC","https://github.com/iliakan/detect-node"
"diff@3.5.0","BSD-3-Clause","https://github.com/kpdecker/jsdiff"
"diffie-hellman@5.0.3","MIT","https://github.com/crypto-browserify/diffie-hellman"
"dir-glob@2.0.0","MIT","https://github.com/kevva/dir-glob"
"dns-equal@1.0.0","MIT","https://github.com/watson/dns-equal"
"dns-packet@1.3.1","MIT","https://github.com/mafintosh/dns-packet"
"dns-txt@2.0.2","MIT","https://github.com/watson/dns-txt"
"doctrine@1.5.0","BSD","https://github.com/eslint/doctrine"
"doctrine@2.1.0","Apache-2.0","https://github.com/eslint/doctrine"
"dom-converter@0.1.4","MIT","https://github.com/AriaMinaei/dom-converter"
"dom-helpers@3.3.1","MIT","https://github.com/jquense/dom-helpers"
"dom-serializer@0.1.0","MIT","https://github.com/cheeriojs/dom-renderer"
"domain-browser@1.2.0","MIT","https://github.com/bevry/domain-browser"
"domelementtype@1.1.3","BSD*","https://github.com/FB55/domelementtype"
"domelementtype@1.3.0","BSD*","https://github.com/FB55/domelementtype"
"domhandler@2.1.0","BSD*","https://github.com/fb55/domhandler"
"domutils@1.1.6","BSD*","https://github.com/FB55/domutils"
"domutils@1.5.1","BSD*","https://github.com/FB55/domutils"
"duplexer3@0.1.4","BSD-3-Clause","https://github.com/floatdrop/duplexer3"
"duplexer@0.1.1","MIT","https://github.com/Raynos/duplexer"
"duplexify@3.6.0","MIT","https://github.com/mafintosh/duplexify"
"ecc-jsbn@0.1.2","MIT","https://github.com/quartzjer/ecc-jsbn"
"editions@1.3.4","MIT","https://github.com/bevry/editions"
"ee-first@1.1.1","MIT","https://github.com/jonathanong/ee-first"
"ejs@2.6.1","Apache-2.0","https://github.com/mde/ejs"
"electron-to-chromium@1.3.33","ISC","https://github.com/kilian/electron-to-chromium"
"electron-to-chromium@1.3.48","ISC","https://github.com/kilian/electron-to-chromium"
"elegant-spinner@1.0.1","MIT","https://github.com/sindresorhus/elegant-spinner"
"elliptic@6.4.0","MIT","https://github.com/indutny/elliptic"
"emojis-list@2.1.0","MIT","https://github.com/kikobeats/emojis-list"
"encodeurl@1.0.2","MIT","https://github.com/pillarjs/encodeurl"
"encoding@0.1.12","MIT","https://github.com/andris9/encoding"
"end-of-stream@1.4.1","MIT","https://github.com/mafintosh/end-of-stream"
"engine.io-client@3.2.1","MIT","https://github.com/socketio/engine.io-client"
"engine.io-parser@2.1.2","MIT","https://github.com/socketio/engine.io-parser"
"engine.io@3.2.0","MIT","https://github.com/socketio/engine.io"
"enhanced-resolve@4.0.0","MIT","https://github.com/webpack/enhanced-resolve"
"entities@1.1.1","BSD*","https://github.com/fb55/node-entities"
"envinfo@5.8.1","MIT","https://github.com/tabrindle/envinfo"
"errno@0.1.7","MIT","https://github.com/rvagg/node-errno"
"error-ex@1.3.1","MIT","https://github.com/qix-/node-error-ex"
"error@7.0.2","MIT","https://github.com/Raynos/error"
"es-abstract@1.10.0","MIT","https://github.com/ljharb/es-abstract"
"es-to-primitive@1.1.1","MIT","https://github.com/ljharb/es-to-primitive"
"escape-html@1.0.3","MIT","https://github.com/component/escape-html"
"escape-string-regexp@1.0.5","MIT","https://github.com/sindresorhus/escape-string-regexp"
"eslint-import-resolver-node@0.3.2","MIT","https://github.com/benmosher/eslint-plugin-import"
"eslint-loader@2.0.0","MIT","https://github.com/MoOx/eslint-loader"
"eslint-module-utils@2.2.0","MIT","https://github.com/benmosher/eslint-plugin-import"
"eslint-plugin-import@2.13.0","MIT","https://github.com/benmosher/eslint-plugin-import"
"eslint-plugin-react@7.8.2","MIT","https://github.com/yannickcr/eslint-plugin-react"
"eslint-scope@3.7.1","BSD-2-Clause","https://github.com/eslint/eslint-scope"
"eslint-visitor-keys@1.0.0","Apache-2.0","https://github.com/eslint/eslint-visitor-keys"
"eslint@4.19.1","MIT","https://github.com/eslint/eslint"
"espree@3.5.4","BSD-2-Clause","https://github.com/eslint/espree"
"esprima@2.7.3","BSD-2-Clause","https://github.com/jquery/esprima"
"esprima@4.0.0","BSD-2-Clause","https://github.com/jquery/esprima"
"esquery@1.0.1","BSD-3-Clause","https://github.com/jrfeenst/esquery"
"esrecurse@4.2.0","BSD-2-Clause","https://github.com/estools/esrecurse"
"estraverse@4.2.0","BSD-2-Clause","https://github.com/estools/estraverse"
"esutils@2.0.2","BSD","https://github.com/estools/esutils"
"etag@1.8.1","MIT","https://github.com/jshttp/etag"
"event-stream@3.3.4","MIT","https://github.com/dominictarr/event-stream"
"eventemitter3@3.1.0","MIT","https://github.com/primus/eventemitter3"
"events@1.1.1","MIT","https://github.com/Gozala/events"
"eventsource@1.0.7","MIT","https://github.com/EventSource/eventsource"
"evp_bytestokey@1.0.3","MIT","https://github.com/crypto-browserify/EVP_BytesToKey"
"execa@0.10.0","MIT","https://github.com/sindresorhus/execa"
"execa@0.7.0","MIT","https://github.com/sindresorhus/execa"
"execa@1.0.0","MIT","https://github.com/sindresorhus/execa"
"exit-hook@1.1.1","MIT","https://github.com/sindresorhus/exit-hook"
"expand-brackets@0.1.5","MIT","https://github.com/jonschlinkert/expand-brackets"
"expand-brackets@2.1.4","MIT","https://github.com/jonschlinkert/expand-brackets"
"expand-range@1.8.2","MIT","https://github.com/jonschlinkert/expand-range"
"expand-tilde@2.0.2","MIT","https://github.com/jonschlinkert/expand-tilde"
"express@4.16.3","MIT","https://github.com/expressjs/express"
"extend-shallow@2.0.1","MIT","https://github.com/jonschlinkert/extend-shallow"
"extend-shallow@3.0.2","MIT","https://github.com/jonschlinkert/extend-shallow"
"extend@3.0.2","MIT","https://github.com/justmoon/node-extend"
"external-editor@2.2.0","MIT","https://github.com/mrkmg/node-external-editor"
"extglob@0.3.2","MIT","https://github.com/jonschlinkert/extglob"
"extglob@2.0.4","MIT","https://github.com/micromatch/extglob"
"extract-text-webpack-plugin@4.0.0-beta.0","MIT","https://github.com/webpack-contrib/extract-text-webpack-plugin"
"extsprintf@1.3.0","MIT","https://github.com/davepacheco/node-extsprintf"
"fast-deep-equal@1.0.0","MIT","https://github.com/epoberezkin/fast-deep-equal"
"fast-deep-equal@2.0.1","MIT","https://github.com/epoberezkin/fast-deep-equal"
"fast-glob@2.2.2","MIT","https://github.com/mrmlnc/fast-glob"
"fast-json-stable-stringify@2.0.0","MIT","https://github.com/epoberezkin/fast-json-stable-stringify"
"fast-levenshtein@2.0.6","MIT","https://github.com/hiddentao/fast-levenshtein"
"fastparse@1.1.1","MIT","https://github.com/webpack/fastparse"
"faye-websocket@0.10.0","MIT","https://github.com/faye/faye-websocket-node"
"faye-websocket@0.11.1","MIT","https://github.com/faye/faye-websocket-node"
"fbjs@0.8.16","MIT","https://github.com/facebook/fbjs"
"fbjs@0.8.17","MIT","https://github.com/facebook/fbjs"
"figures@1.7.0","MIT","https://github.com/sindresorhus/figures"
"figures@2.0.0","MIT","https://github.com/sindresorhus/figures"
"file-entry-cache@2.0.0","MIT","https://github.com/royriojas/file-entry-cache"
"file-loader@1.1.11","MIT","https://github.com/webpack/file-loader"
"filename-regex@2.0.1","MIT","https://github.com/regexhq/filename-regex"
"filesize@3.6.1","BSD-3-Clause","https://github.com/avoidwork/filesize.js"
"fill-range@2.2.4","MIT","https://github.com/jonschlinkert/fill-range"
"fill-range@4.0.0","MIT","https://github.com/jonschlinkert/fill-range"
"finalhandler@1.1.0","MIT","https://github.com/pillarjs/finalhandler"
"finalhandler@1.1.1","MIT","https://github.com/pillarjs/finalhandler"
"find-cache-dir@0.1.1","MIT","https://github.com/jamestalmage/find-cache-dir"
"find-cache-dir@1.0.0","MIT","https://github.com/avajs/find-cache-dir"
"find-up@1.1.2","MIT","https://github.com/sindresorhus/find-up"
"find-up@2.1.0","MIT","https://github.com/sindresorhus/find-up"
"find-up@3.0.0","MIT","https://github.com/sindresorhus/find-up"
"first-chunk-stream@2.0.0","MIT","https://github.com/sindresorhus/first-chunk-stream"
"flat-cache@1.3.0","MIT","https://github.com/royriojas/flat-cache"
"flatten@1.0.2","MIT","https://github.com/jesusabdullah/node-flatten"
"flow-parser@0.73.0","MIT","https://github.com/facebook/flow"
"flush-write-stream@1.0.3","MIT","https://github.com/mafintosh/flush-write-stream"
"follow-redirects@1.7.0","MIT","https://github.com/follow-redirects/follow-redirects"
"for-in@0.1.8","MIT","https://github.com/jonschlinkert/for-in"
"for-in@1.0.2","MIT","https://github.com/jonschlinkert/for-in"
"for-own@0.1.5","MIT","https://github.com/jonschlinkert/for-own"
"for-own@1.0.0","MIT","https://github.com/jonschlinkert/for-own"
"foreach@2.0.5","MIT","https://github.com/manuelstofer/foreach"
"forever-agent@0.6.1","Apache-2.0","https://github.com/mikeal/forever-agent"
"form-data@2.3.3","MIT","https://github.com/form-data/form-data"
"forwarded@0.1.2","MIT","https://github.com/jshttp/forwarded"
"fp-ts@1.6.0","MIT","https://github.com/gcanti/fp-ts"
"fragment-cache@0.2.1","MIT","https://github.com/jonschlinkert/fragment-cache"
"fresh@0.5.2","MIT","https://github.com/jshttp/fresh"
"from2@2.3.0","MIT","https://github.com/hughsk/from2"
"from@0.1.7","MIT","https://github.com/dominictarr/from"
"fs-readdir-recursive@1.0.0","MIT","https://github.com/fs-utils/fs-readdir-recursive"
"fs-write-stream-atomic@1.0.10","ISC","https://github.com/npm/fs-write-stream-atomic"
"fs.realpath@1.0.0","ISC","https://github.com/isaacs/fs.realpath"
"fstream@1.0.11","ISC","https://github.com/npm/fstream"
"function-bind@1.1.1","MIT","https://github.com/Raynos/function-bind"
"functional-red-black-tree@1.0.1","MIT","https://github.com/mikolalysenko/functional-red-black-tree"
"gauge@2.7.4","ISC","https://github.com/iarna/gauge"
"gaze@1.1.3","MIT","https://github.com/shama/gaze"
"get-caller-file@1.0.2","ISC","https://github.com/stefanpenner/get-caller-file"
"get-stdin@4.0.1","MIT","https://github.com/sindresorhus/get-stdin"
"get-stream@3.0.0","MIT","https://github.com/sindresorhus/get-stream"
"get-stream@4.1.0","MIT","https://github.com/sindresorhus/get-stream"
"get-value@2.0.6","MIT","https://github.com/jonschlinkert/get-value"
"getpass@0.1.7","MIT","https://github.com/arekinath/node-getpass"
"gh-got@6.0.0","MIT","https://github.com/sindresorhus/gh-got"
"github-username@4.1.0","MIT","https://github.com/sindresorhus/github-username"
"glob-all@3.1.0","MIT","https://github.com/jpillora/node-glob-all"
"glob-base@0.3.0","MIT","https://github.com/jonschlinkert/glob-base"
"glob-parent@2.0.0","ISC","https://github.com/es128/glob-parent"
"glob-parent@3.1.0","ISC","https://github.com/es128/glob-parent"
"glob-to-regexp@0.3.0","BSD*","https://github.com/fitzgen/glob-to-regexp"
"glob@7.1.2","ISC","https://github.com/isaacs/node-glob"
"global-modules@1.0.0","MIT","https://github.com/jonschlinkert/global-modules"
"global-prefix@1.0.2","MIT","https://github.com/jonschlinkert/global-prefix"
"globals@11.4.0","MIT","https://github.com/sindresorhus/globals"
"globals@11.5.0","MIT","https://github.com/sindresorhus/globals"
"globals@9.18.0","MIT","https://github.com/sindresorhus/globals"
"globby@5.0.0","MIT","https://github.com/sindresorhus/globby"
"globby@6.1.0","MIT","https://github.com/sindresorhus/globby"
"globby@8.0.1","MIT","https://github.com/sindresorhus/globby"
"globule@1.2.1","MIT","https://github.com/cowboy/node-globule"
"got@7.1.0","MIT","https://github.com/sindresorhus/got"
"got@8.3.1","MIT","https://github.com/sindresorhus/got"
"graceful-fs@4.1.11","ISC","https://github.com/isaacs/node-graceful-fs"
"grouped-queue@0.3.3","MIT","https://github.com/SBoudrias/grouped-queue"
"gzip-size@4.1.0","MIT","https://github.com/sindresorhus/gzip-size"
"handle-thing@2.0.0","MIT","https://github.com/indutny/handle-thing"
"handlebars@4.1.0","MIT","https://github.com/wycats/handlebars.js"
"har-schema@2.0.0","ISC","https://github.com/ahmadnassri/har-schema"
"har-validator@5.1.3","MIT","https://github.com/ahmadnassri/node-har-validator"
"has-ansi@2.0.0","MIT","https://github.com/sindresorhus/has-ansi"
"has-binary2@1.0.3","MIT",""
"has-color@0.1.7","MIT","https://github.com/sindresorhus/has-color"
"has-cors@1.1.0","MIT","https://github.com/component/has-cors"
"has-flag@1.0.0","MIT","https://github.com/sindresorhus/has-flag"
"has-flag@3.0.0","MIT","https://github.com/sindresorhus/has-flag"
"has-symbol-support-x@1.4.2","MIT","https://github.com/Xotic750/has-symbol-support-x"
"has-to-string-tag-x@1.4.1","MIT","https://github.com/Xotic750/has-to-string-tag-x"
"has-unicode@2.0.1","ISC","https://github.com/iarna/has-unicode"
"has-value@0.3.1","MIT","https://github.com/jonschlinkert/has-value"
"has-value@1.0.0","MIT","https://github.com/jonschlinkert/has-value"
"has-values@0.1.4","MIT","https://github.com/jonschlinkert/has-values"
"has-values@1.0.0","MIT","https://github.com/jonschlinkert/has-values"
"has@1.0.1","MIT","https://github.com/tarruda/has"
"hash-base@3.0.4","MIT","https://github.com/crypto-browserify/hash-base"
"hash.js@1.1.3","MIT","https://github.com/indutny/hash.js"
"he@1.1.1","MIT","https://github.com/mathiasbynens/he"
"hmac-drbg@1.0.1","MIT","https://github.com/indutny/hmac-drbg"
"hoist-non-react-statics@2.5.5","BSD-3-Clause","https://github.com/mridgway/hoist-non-react-statics"
"home-or-tmp@2.0.0","MIT","https://github.com/sindresorhus/home-or-tmp"
"homedir-polyfill@1.0.1","MIT","https://github.com/doowb/homedir-polyfill"
"hosted-git-info@2.6.0","ISC","https://github.com/npm/hosted-git-info"
"hpack.js@2.1.6","MIT","https://github.com/indutny/hpack.js"
"html-comment-regex@1.1.1","MIT","https://github.com/stevemao/html-comment-regex"
"html-entities@1.2.1","MIT","https://github.com/mdevils/node-html-entities"
"html-minifier@3.5.13","MIT","https://github.com/kangax/html-minifier"
"html-webpack-plugin@3.2.0","MIT","https://github.com/jantimon/html-webpack-plugin"
"htmlparser2@3.3.0","MIT","https://github.com/fb55/htmlparser2"
"http-auth@3.1.3","MIT","https://github.com/http-auth/http-auth"
"http-cache-semantics@3.8.1","BSD-2-Clause","https://github.com/pornel/http-cache-semantics"
"http-deceiver@1.2.7","MIT","https://github.com/indutny/http-deceiver"
"http-errors@1.6.2","MIT","https://github.com/jshttp/http-errors"
"http-parser-js@0.5.0","MIT","https://github.com/creationix/http-parser-js"
"http-proxy-middleware@0.18.0","MIT","https://github.com/chimurai/http-proxy-middleware"
"http-proxy@1.17.0","MIT","https://github.com/nodejitsu/node-http-proxy"
"http-signature@1.2.0","MIT","https://github.com/joyent/node-http-signature"
"https-browserify@1.0.0","MIT","https://github.com/substack/https-browserify"
"hyphenate-style-name@1.0.2","BSD-3-Clause","https://github.com/rexxars/hyphenate-style-name"
"iconv-lite@0.4.19","MIT","https://github.com/ashtuchkin/iconv-lite"
"icss-replace-symbols@1.1.0","ISC","https://github.com/css-modules/icss-replace-symbols"
"icss-utils@2.1.0","ISC","https://github.com/css-modules/icss-utils"
"ieee754@1.1.11","BSD-3-Clause","https://github.com/feross/ieee754"
"iferr@0.1.5","MIT","https://github.com/shesek/iferr"
"ignore@3.3.7","MIT","https://github.com/kaelzhang/node-ignore"
"immutability-helper@3.0.0","MIT","https://github.com/kolodny/immutability-helper"
"import-local@1.0.0","MIT","https://github.com/sindresorhus/import-local"
"import-local@2.0.0","MIT","https://github.com/sindresorhus/import-local"
"imurmurhash@0.1.4","MIT","https://github.com/jensyt/imurmurhash-js"
"in-publish@2.0.0","ISC","https://github.com/iarna/in-publish"
"indefinite-observable@1.0.1","Apache-2.0","https://github.com/material-motion/indefinite-observable-js"
"indent-string@2.1.0","MIT","https://github.com/sindresorhus/indent-string"
"indent-string@3.2.0","MIT","https://github.com/sindresorhus/indent-string"
"indexes-of@1.0.1","MIT","https://github.com/dominictarr/indexes-of"
"indexof@0.0.1","MIT*",""
"inflight@1.0.6","ISC","https://github.com/npm/inflight"
"inherits@2.0.1","ISC","https://github.com/isaacs/inherits"
"inherits@2.0.3","ISC","https://github.com/isaacs/inherits"
"ini@1.3.5","ISC","https://github.com/isaacs/ini"
"inquirer@3.3.0","MIT","https://github.com/SBoudrias/Inquirer.js"
"inquirer@5.2.0","MIT","https://github.com/SBoudrias/Inquirer.js"
"inspectpack@3.0.1","MIT","https://github.com/FormidableLabs/inspectpack"
"internal-ip@3.0.1","MIT","https://github.com/sindresorhus/internal-ip"
"interpret@1.1.0","MIT","https://github.com/tkellen/node-interpret"
"into-stream@3.1.0","MIT","https://github.com/sindresorhus/into-stream"
"invariant@2.2.4","MIT","https://github.com/zertosh/invariant"
"invert-kv@1.0.0","MIT","https://github.com/sindresorhus/invert-kv"
"invert-kv@2.0.0","MIT","https://github.com/sindresorhus/invert-kv"
"io-ts-reporters@0.0.20","MIT*",""
"io-ts@1.1.3","MIT","https://github.com/gcanti/io-ts"
"ip-regex@2.1.0","MIT","https://github.com/sindresorhus/ip-regex"
"ip@1.1.5","MIT","https://github.com/indutny/node-ip"
"ipaddr.js@1.6.0","MIT","https://github.com/whitequark/ipaddr.js"
"is-absolute-url@2.1.0","MIT","https://github.com/sindresorhus/is-absolute-url"
"is-accessor-descriptor@0.1.6","MIT","https://github.com/jonschlinkert/is-accessor-descriptor"
"is-accessor-descriptor@1.0.0","MIT","https://github.com/jonschlinkert/is-accessor-descriptor"
"is-arrayish@0.2.1","MIT","https://github.com/qix-/node-is-arrayish"
"is-binary-path@1.0.1","MIT","https://github.com/sindresorhus/is-binary-path"
"is-buffer@1.1.5","MIT","https://github.com/feross/is-buffer"
"is-builtin-module@1.0.0","MIT","https://github.com/sindresorhus/is-builtin-module"
"is-callable@1.1.3","MIT","https://github.com/ljharb/is-callable"
"is-data-descriptor@0.1.4","MIT","https://github.com/jonschlinkert/is-data-descriptor"
"is-data-descriptor@1.0.0","MIT","https://github.com/jonschlinkert/is-data-descriptor"
"is-date-object@1.0.1","MIT","https://github.com/ljharb/is-date-object"
"is-descriptor@0.1.6","MIT","https://github.com/jonschlinkert/is-descriptor"
"is-descriptor@1.0.2","MIT","https://github.com/jonschlinkert/is-descriptor"
"is-dotfile@1.0.3","MIT","https://github.com/jonschlinkert/is-dotfile"
"is-equal-shallow@0.1.3","MIT","https://github.com/jonschlinkert/is-equal-shallow"
"is-extendable@0.1.1","MIT","https://github.com/jonschlinkert/is-extendable"
"is-extendable@1.0.1","MIT","https://github.com/jonschlinkert/is-extendable"
"is-extglob@1.0.0","MIT","https://github.com/jonschlinkert/is-extglob"
"is-extglob@2.1.1","MIT","https://github.com/jonschlinkert/is-extglob"
"is-finite@1.0.2","MIT","https://github.com/sindresorhus/is-finite"
"is-fullwidth-code-point@1.0.0","MIT","https://github.com/sindresorhus/is-fullwidth-code-point"
"is-fullwidth-code-point@2.0.0","MIT","https://github.com/sindresorhus/is-fullwidth-code-point"
"is-function@1.0.1","MIT","https://github.com/grncdr/js-is-function"
"is-glob@2.0.1","MIT","https://github.com/jonschlinkert/is-glob"
"is-glob@3.1.0","MIT","https://github.com/jonschlinkert/is-glob"
"is-glob@4.0.0","MIT","https://github.com/jonschlinkert/is-glob"
"is-in-browser@1.1.3","MIT","https://github.com/tuxsudo/is-in-browser"
"is-number@2.1.0","MIT","https://github.com/jonschlinkert/is-number"
"is-number@3.0.0","MIT","https://github.com/jonschlinkert/is-number"
"is-number@4.0.0","MIT","https://github.com/jonschlinkert/is-number"
"is-object@1.0.1","MIT","https://github.com/ljharb/is-object"
"is-observable@1.1.0","MIT","https://github.com/sindresorhus/is-observable"
"is-odd@2.0.0","MIT","https://github.com/jonschlinkert/is-odd"
"is-path-cwd@1.0.0","MIT","https://github.com/sindresorhus/is-path-cwd"
"is-path-in-cwd@1.0.1","MIT","https://github.com/sindresorhus/is-path-in-cwd"
"is-path-inside@1.0.1","MIT","https://github.com/sindresorhus/is-path-inside"
"is-plain-obj@1.1.0","MIT","https://github.com/sindresorhus/is-plain-obj"
"is-plain-object@2.0.4","MIT","https://github.com/jonschlinkert/is-plain-object"
"is-posix-bracket@0.1.1","MIT","https://github.com/jonschlinkert/is-posix-bracket"
"is-primitive@2.0.0","MIT","https://github.com/jonschlinkert/is-primitive"
"is-promise@2.1.0","MIT","https://github.com/then/is-promise"
"is-regex@1.0.4","MIT","https://github.com/ljharb/is-regex"
"is-resolvable@1.1.0","ISC","https://github.com/shinnn/is-resolvable"
"is-retry-allowed@1.1.0","MIT","https://github.com/floatdrop/is-retry-allowed"
"is-scoped@1.0.0","MIT","https://github.com/sindresorhus/is-scoped"
"is-stream@1.1.0","MIT","https://github.com/sindresorhus/is-stream"
"is-svg@2.1.0","MIT","https://github.com/sindresorhus/is-svg"
"is-symbol@1.0.1","MIT","https://github.com/ljharb/is-symbol"
"is-typedarray@1.0.0","MIT","https://github.com/hughsk/is-typedarray"
"is-utf8@0.2.1","MIT","https://github.com/wayfind/is-utf8"
"is-windows@1.0.2","MIT","https://github.com/jonschlinkert/is-windows"
"is-wsl@1.1.0","MIT","https://github.com/sindresorhus/is-wsl"
"isarray@0.0.1","MIT","https://github.com/juliangruber/isarray"
"isarray@1.0.0","MIT","https://github.com/juliangruber/isarray"
"isarray@2.0.1","MIT","https://github.com/juliangruber/isarray"
"isbinaryfile@3.0.2","MIT","https://github.com/gjtorikian/isBinaryFile"
"isexe@2.0.0","ISC","https://github.com/isaacs/isexe"
"isobject@2.1.0","MIT","https://github.com/jonschlinkert/isobject"
"isobject@3.0.1","MIT","https://github.com/jonschlinkert/isobject"
"isomorphic-fetch@2.2.1","MIT","https://github.com/matthew-andrews/isomorphic-fetch"
"isstream@0.1.2","MIT","https://github.com/rvagg/isstream"
"istextorbinary@2.2.1","MIT","https://github.com/bevry/istextorbinary"
"isurl@1.0.0","MIT","https://github.com/stevenvachon/isurl"
"js-base64@2.4.3","BSD-3-Clause","https://github.com/dankogai/js-base64"
"js-tokens@3.0.2","MIT","https://github.com/lydell/js-tokens"
"js-yaml@3.11.0","MIT","https://github.com/nodeca/js-yaml"
"js-yaml@3.7.0","MIT","https://github.com/nodeca/js-yaml"
"jsbn@0.1.1","MIT","https://github.com/andyperlitch/jsbn"
"jscodeshift@0.4.1","BSD-3-Clause","https://github.com/facebook/jscodeshift"
"jscodeshift@0.5.0","BSD-3-Clause","https://github.com/facebook/jscodeshift"
"jsesc@0.5.0","MIT","https://github.com/mathiasbynens/jsesc"
"jsesc@1.3.0","MIT","https://github.com/mathiasbynens/jsesc"
"jsesc@2.5.1","MIT","https://github.com/mathiasbynens/jsesc"
"json-buffer@3.0.0","MIT","https://github.com/dominictarr/json-buffer"
"json-parse-better-errors@1.0.2","MIT","https://github.com/zkat/json-parse-better-errors"
"json-schema-traverse@0.3.1","MIT","https://github.com/epoberezkin/json-schema-traverse"
"json-schema-traverse@0.4.1","MIT","https://github.com/epoberezkin/json-schema-traverse"
"json-schema@0.2.3","AFLv2.1,BSD","https://github.com/kriszyp/json-schema"
"json-stable-stringify-without-jsonify@1.0.1","MIT","https://github.com/samn/json-stable-stringify"
"json-stringify-safe@5.0.1","ISC","https://github.com/isaacs/json-stringify-safe"
"json3@3.3.2","MIT","https://github.com/bestiejs/json3"
"json5@0.5.1","MIT","https://github.com/aseemk/json5"
"jsprim@1.4.1","MIT","https://github.com/joyent/node-jsprim"
"jss-camel-case@6.1.0","MIT","https://github.com/cssinjs/jss-camel-case"
"jss-compose@5.0.0","MIT","https://github.com/cssinjs/jss-compose"
"jss-default-unit@8.0.2","MIT","https://github.com/cssinjs/jss-default-unit"
"jss-expand@5.3.0","MIT","https://github.com/cssinjs/jss-expand"
"jss-extend@6.2.0","MIT","https://github.com/cssinjs/jss-extend"
"jss-global@3.0.0","MIT","https://github.com/cssinjs/jss-global"
"jss-nested@6.0.1","MIT","https://github.com/cssinjs/jss-nested"
"jss-preset-default@4.5.0","MIT","https://github.com/cssinjs/jss-preset-default"
"jss-props-sort@6.0.0","MIT","https://github.com/cssinjs/jss-props-sort"
"jss-template@1.0.1","MIT","https://github.com/cssinjs/jss-template"
"jss-vendor-prefixer@7.0.0","MIT","https://github.com/cssinjs/jss-vendor-prefixer"
"jss@9.8.7","MIT","https://github.com/cssinjs/jss"
"jsx-ast-utils@2.0.1","MIT","https://github.com/evcohen/jsx-ast-utils"
"keycode@2.2.0","MIT","https://github.com/timoxley/keycode"
"keyv@3.0.0","MIT","https://github.com/lukechilds/keyv"
"killable@1.0.1","ISC","https://github.com/marten-de-vries/killable"
"kind-of@3.2.2","MIT","https://github.com/jonschlinkert/kind-of"
"kind-of@4.0.0","MIT","https://github.com/jonschlinkert/kind-of"
"kind-of@5.1.0","MIT","https://github.com/jonschlinkert/kind-of"
"kind-of@6.0.2","MIT","https://github.com/jonschlinkert/kind-of"
"konva@2.4.0","MIT","https://github.com/konvajs/konva"
"lcid@1.0.0","MIT","https://github.com/sindresorhus/lcid"
"lcid@2.0.0","MIT","https://github.com/sindresorhus/lcid"
"leb@0.3.0","Apache 2.0","https://github.com/Obvious/leb"
"levn@0.3.0","MIT","https://github.com/gkz/levn"
"listr-silent-renderer@1.1.1","MIT","https://github.com/SamVerschueren/listr-silent-renderer"
"listr-update-renderer@0.4.0","MIT","https://github.com/SamVerschueren/listr-update-renderer"
"listr-verbose-renderer@0.4.1","MIT","https://github.com/SamVerschueren/listr-verbose-renderer"
"listr@0.14.1","MIT","https://github.com/SamVerschueren/listr"
"live-server@1.2.1","MIT","https://github.com/tapio/live-server"
"load-json-file@1.1.0","MIT","https://github.com/sindresorhus/load-json-file"
"load-json-file@2.0.0","MIT","https://github.com/sindresorhus/load-json-file"
"load-json-file@4.0.0","MIT","https://github.com/sindresorhus/load-json-file"
"loader-fs-cache@1.0.1","ISC",""
"loader-runner@2.3.0","MIT","https://github.com/webpack/loader-runner"
"loader-utils@0.2.17","MIT","https://github.com/webpack/loader-utils"
"loader-utils@1.1.0","MIT","https://github.com/webpack/loader-utils"
"locate-path@2.0.0","MIT","https://github.com/sindresorhus/locate-path"
"locate-path@3.0.0","MIT","https://github.com/sindresorhus/locate-path"
"lodash.assign@4.2.0","MIT","https://github.com/lodash/lodash"
"lodash.camelcase@4.3.0","MIT","https://github.com/lodash/lodash"
"lodash.clonedeep@4.5.0","MIT","https://github.com/lodash/lodash"
"lodash.memoize@4.1.2","MIT","https://github.com/lodash/lodash"
"lodash.mergewith@4.6.1","MIT","https://github.com/lodash/lodash"
"lodash.tail@4.1.1","MIT","https://github.com/lodash/lodash"
"lodash.uniq@4.5.0","MIT","https://github.com/lodash/lodash"
"lodash@4.17.10","MIT","https://github.com/lodash/lodash"
"lodash@4.17.11","MIT","https://github.com/lodash/lodash"
"log-symbols@1.0.2","MIT","https://github.com/sindresorhus/log-symbols"
"log-symbols@2.2.0","MIT","https://github.com/sindresorhus/log-symbols"
"log-update@1.0.2","MIT","https://github.com/sindresorhus/log-update"
"loglevel@1.6.1","MIT","https://github.com/pimterry/loglevel"
"long@3.2.0","Apache-2.0","https://github.com/dcodeIO/long.js"
"loose-envify@1.3.1","MIT","https://github.com/zertosh/loose-envify"
"loose-envify@1.4.0","MIT","https://github.com/zertosh/loose-envify"
"loud-rejection@1.6.0","MIT","https://github.com/sindresorhus/loud-rejection"
"lower-case@1.1.4","MIT","https://github.com/blakeembrey/lower-case"
"lowercase-keys@1.0.0","MIT","https://github.com/sindresorhus/lowercase-keys"
"lowercase-keys@1.0.1","MIT","https://github.com/sindresorhus/lowercase-keys"
"lru-cache@4.1.1","ISC","https://github.com/isaacs/node-lru-cache"
"macaddress@0.2.9","MIT","https://github.com/scravy/node-macaddress"
"make-dir@1.0.0","MIT","https://github.com/sindresorhus/make-dir"
"make-dir@1.3.0","MIT","https://github.com/sindresorhus/make-dir"
"map-age-cleaner@0.1.3","MIT","https://github.com/SamVerschueren/map-age-cleaner"
"map-cache@0.2.2","MIT","https://github.com/jonschlinkert/map-cache"
"map-obj@1.0.1","MIT","https://github.com/sindresorhus/map-obj"
"map-stream@0.1.0","Custom: https://github.com/dominictarr/event-stream","https://github.com/dominictarr/map-stream"
"map-visit@1.0.0","MIT","https://github.com/jonschlinkert/map-visit"
"math-expression-evaluator@1.2.17","MIT","https://github.com/redhivesoftware/math-expression-evaluator.git#readme"
"math-random@1.0.4","MIT","https://github.com/michaelrhodes/math-random"
"md5.js@1.3.4","MIT","https://github.com/crypto-browserify/md5.js"
"media-typer@0.3.0","MIT","https://github.com/jshttp/media-typer"
"mem-fs-editor@4.0.2","MIT","https://github.com/SBoudrias/mem-fs-editor"
"mem-fs@1.1.3","MIT","https://github.com/SBoudrias/mem-fs"
"mem@1.1.0","MIT","https://github.com/sindresorhus/mem"
"mem@4.1.0","MIT","https://github.com/sindresorhus/mem"
"memory-fs@0.4.1","MIT","https://github.com/webpack/memory-fs"
"meow@3.7.0","MIT","https://github.com/sindresorhus/meow"
"merge-descriptors@1.0.1","MIT","https://github.com/component/merge-descriptors"
"merge2@1.2.2","MIT","https://github.com/teambition/merge2"
"methods@1.1.2","MIT","https://github.com/jshttp/methods"
"micromatch@2.3.11","MIT","https://github.com/jonschlinkert/micromatch"
"micromatch@3.1.10","MIT","https://github.com/micromatch/micromatch"
"miller-rabin@4.0.1","MIT","https://github.com/indutny/miller-rabin"
"mime-db@1.30.0","MIT","https://github.com/jshttp/mime-db"
"mime-db@1.33.0","MIT","https://github.com/jshttp/mime-db"
"mime-db@1.38.0","MIT","https://github.com/jshttp/mime-db"
"mime-types@2.1.17","MIT","https://github.com/jshttp/mime-types"
"mime-types@2.1.18","MIT","https://github.com/jshttp/mime-types"
"mime-types@2.1.22","MIT","https://github.com/jshttp/mime-types"
"mime@1.4.1","MIT","https://github.com/broofa/node-mime"
"mime@2.2.2","MIT","https://github.com/broofa/node-mime"
"mime@2.4.0","MIT","https://github.com/broofa/node-mime"
"mimic-fn@1.2.0","MIT","https://github.com/sindresorhus/mimic-fn"
"mimic-response@1.0.0","MIT","https://github.com/sindresorhus/mimic-response"
"minimalistic-assert@1.0.1","ISC","https://github.com/calvinmetcalf/minimalistic-assert"
"minimalistic-crypto-utils@1.0.1","MIT","https://github.com/indutny/minimalistic-crypto-utils"
"minimatch@3.0.4","ISC","https://github.com/isaacs/minimatch"
"minimist@0.0.8","MIT","https://github.com/substack/minimist"
"minimist@0.1.0","MIT","https://github.com/substack/minimist"
"minimist@1.2.0","MIT","https://github.com/substack/minimist"
"mississippi@2.0.0","BSD-2-Clause","https://github.com/maxogden/mississippi"
"mixin-deep@1.3.1","MIT","https://github.com/jonschlinkert/mixin-deep"
"mixin-object@2.0.1","MIT","https://github.com/jonschlinkert/mixin-object"
"mkdirp@0.5.1","MIT","https://github.com/substack/node-mkdirp"
"morgan@1.9.1","MIT","https://github.com/expressjs/morgan"
"most@1.7.3","MIT","https://github.com/cujojs/most"
"move-concurrently@1.0.1","ISC","https://github.com/npm/move-concurrently"
"ms@2.0.0","MIT","https://github.com/zeit/ms"
"ms@2.1.1","MIT","https://github.com/zeit/ms"
"multicast-dns-service-types@1.1.0","MIT","https://github.com/mafintosh/multicast-dns-service-types"
"multicast-dns@6.2.3","MIT","https://github.com/mafintosh/multicast-dns"
"multimatch@2.1.0","MIT","https://github.com/sindresorhus/multimatch"
"mute-stream@0.0.7","ISC","https://github.com/isaacs/mute-stream"
"nan@2.12.1","MIT","https://github.com/nodejs/nan"
"nanomatch@1.2.9","MIT","https://github.com/micromatch/nanomatch"
"natural-compare@1.4.0","MIT","https://github.com/litejs/natural-compare-lite"
"negotiator@0.6.1","MIT","https://github.com/jshttp/negotiator"
"neo-async@2.5.1","MIT","https://github.com/suguru03/neo-async"
"nice-try@1.0.4","MIT","https://github.com/electerious/nice-try"
"no-case@2.3.2","MIT","https://github.com/blakeembrey/no-case"
"node-dir@0.1.8","MIT","https://github.com/fshost/node-dir"
"node-fetch@1.7.3","MIT","https://github.com/bitinn/node-fetch"
"node-forge@0.7.5","(BSD-3-Clause OR GPL-2.0)","https://github.com/digitalbazaar/forge"
"node-gyp@3.8.0","MIT","https://github.com/nodejs/node-gyp"
"node-libs-browser@2.1.0","MIT","https://github.com/webpack/node-libs-browser"
"node-sass@4.11.0","MIT","https://github.com/sass/node-sass"
"nomnom@1.8.1","MIT*","https://github.com/harthur/nomnom"
"nopt@3.0.6","ISC","https://github.com/npm/nopt"
"normalize-package-data@2.4.0","BSD-2-Clause","https://github.com/npm/normalize-package-data"
"normalize-path@2.1.1","MIT","https://github.com/jonschlinkert/normalize-path"
"normalize-path@3.0.0","MIT","https://github.com/jonschlinkert/normalize-path"
"normalize-range@0.1.2","MIT","https://github.com/jamestalmage/normalize-range"
"normalize-scroll-left@0.1.2","MIT","https://github.com/alitaheri/normalize-scroll-left"
"normalize-url@1.9.1","MIT","https://github.com/sindresorhus/normalize-url"
"normalize-url@2.0.1","MIT","https://github.com/sindresorhus/normalize-url"
"normalize.css@8.0.0","MIT","https://github.com/necolas/normalize.css"
"npm-run-path@2.0.2","MIT","https://github.com/sindresorhus/npm-run-path"
"npmlog@4.1.2","ISC","https://github.com/npm/npmlog"
"nth-check@1.0.1","BSD*","https://github.com/fb55/nth-check"
"num2fraction@1.2.2","MIT","https://github.com/yisibl/num2fraction"
"number-is-nan@1.0.1","MIT","https://github.com/sindresorhus/number-is-nan"
"oauth-sign@0.9.0","Apache-2.0","https://github.com/mikeal/oauth-sign"
"object-assign@4.1.1","MIT","https://github.com/sindresorhus/object-assign"
"object-component@0.0.3","MIT*",""
"object-copy@0.1.0","MIT","https://github.com/jonschlinkert/object-copy"
"object-hash@1.3.0","MIT","https://github.com/puleos/object-hash"
"object-keys@1.0.11","MIT","https://github.com/ljharb/object-keys"
"object-visit@1.0.1","MIT","https://github.com/jonschlinkert/object-visit"
"object.getownpropertydescriptors@2.0.3","MIT","https://github.com/ljharb/object.getownpropertydescriptors"
"object.omit@2.0.1","MIT","https://github.com/jonschlinkert/object.omit"
"object.pick@1.3.0","MIT","https://github.com/jonschlinkert/object.pick"
"obuf@1.1.2","MIT","https://github.com/indutny/offset-buffer"
"on-finished@2.3.0","MIT","https://github.com/jshttp/on-finished"
"on-headers@1.0.1","MIT","https://github.com/jshttp/on-headers"
"once@1.4.0","ISC","https://github.com/isaacs/once"
"onetime@1.1.0","MIT","https://github.com/sindresorhus/onetime"
"onetime@2.0.1","MIT","https://github.com/sindresorhus/onetime"
"opener@1.4.3","(WTFPL OR MIT)","https://github.com/domenic/opener"
"opn@5.4.0","MIT","https://github.com/sindresorhus/opn"
"optimist@0.6.1","MIT*","https://github.com/substack/node-optimist"
"optionator@0.8.2","MIT","https://github.com/gkz/optionator"
"ora@0.2.3","MIT","https://github.com/sindresorhus/ora"
"original@1.0.2","MIT","https://github.com/unshiftio/original"
"os-browserify@0.3.0","MIT","https://github.com/CoderPuppy/os-browserify"
"os-homedir@1.0.2","MIT","https://github.com/sindresorhus/os-homedir"
"os-locale@1.4.0","MIT","https://github.com/sindresorhus/os-locale"
"os-locale@2.1.0","MIT","https://github.com/sindresorhus/os-locale"
"os-locale@3.1.0","MIT","https://github.com/sindresorhus/os-locale"
"os-tmpdir@1.0.2","MIT","https://github.com/sindresorhus/os-tmpdir"
"osenv@0.1.5","ISC","https://github.com/npm/osenv"
"output-file-sync@1.1.2","MIT","https://github.com/shinnn/output-file-sync"
"p-cancelable@0.3.0","MIT","https://github.com/sindresorhus/p-cancelable"
"p-cancelable@0.4.1","MIT","https://github.com/sindresorhus/p-cancelable"
"p-defer@1.0.0","MIT","https://github.com/sindresorhus/p-defer"
"p-each-series@1.0.0","MIT","https://github.com/sindresorhus/p-each-series"
"p-finally@1.0.0","MIT","https://github.com/sindresorhus/p-finally"
"p-is-promise@1.1.0","MIT","https://github.com/sindresorhus/p-is-promise"
"p-is-promise@2.0.0","MIT","https://github.com/sindresorhus/p-is-promise"
"p-lazy@1.0.0","MIT","https://github.com/sindresorhus/p-lazy"
"p-limit@1.2.0","MIT","https://github.com/sindresorhus/p-limit"
"p-limit@2.1.0","MIT","https://github.com/sindresorhus/p-limit"
"p-locate@2.0.0","MIT","https://github.com/sindresorhus/p-locate"
"p-locate@3.0.0","MIT","https://github.com/sindresorhus/p-locate"
"p-map@1.2.0","MIT","https://github.com/sindresorhus/p-map"
"p-reduce@1.0.0","MIT","https://github.com/sindresorhus/p-reduce"
"p-timeout@1.2.1","MIT","https://github.com/sindresorhus/p-timeout"
"p-timeout@2.0.1","MIT","https://github.com/sindresorhus/p-timeout"
"p-try@1.0.0","MIT","https://github.com/sindresorhus/p-try"
"p-try@2.0.0","MIT","https://github.com/sindresorhus/p-try"
"pako@1.0.6","(MIT AND Zlib)","https://github.com/nodeca/pako"
"parallel-transform@1.1.0","MIT","https://github.com/mafintosh/parallel-transform"
"param-case@2.1.1","MIT","https://github.com/blakeembrey/param-case"
"parse-asn1@5.1.1","ISC","https://github.com/crypto-browserify/parse-asn1"
"parse-glob@3.0.4","MIT","https://github.com/jonschlinkert/parse-glob"
"parse-json@2.2.0","MIT","https://github.com/sindresorhus/parse-json"
"parse-json@4.0.0","MIT","https://github.com/sindresorhus/parse-json"
"parse-passwd@1.0.0","MIT","https://github.com/doowb/parse-passwd"
"parseqs@0.0.5","MIT","https://github.com/get/querystring"
"parseuri@0.0.5","MIT","https://github.com/get/parseuri"
"parseurl@1.3.2","MIT","https://github.com/pillarjs/parseurl"
"pascalcase@0.1.1","MIT","https://github.com/jonschlinkert/pascalcase"
"path-browserify@0.0.0","MIT","https://github.com/substack/path-browserify"
"path-dirname@1.0.2","MIT","https://github.com/es128/path-dirname"
"path-exists@2.1.0","MIT","https://github.com/sindresorhus/path-exists"
"path-exists@3.0.0","MIT","https://github.com/sindresorhus/path-exists"
"path-is-absolute@1.0.1","MIT","https://github.com/sindresorhus/path-is-absolute"
"path-is-inside@1.0.2","(WTFPL OR MIT)","https://github.com/domenic/path-is-inside"
"path-key@2.0.1","MIT","https://github.com/sindresorhus/path-key"
"path-parse@1.0.5","MIT","https://github.com/jbgutierrez/path-parse"
"path-to-regexp@0.1.7","MIT","https://github.com/component/path-to-regexp"
"path-type@1.1.0","MIT","https://github.com/sindresorhus/path-type"
"path-type@2.0.0","MIT","https://github.com/sindresorhus/path-type"
"path-type@3.0.0","MIT","https://github.com/sindresorhus/path-type"
"pause-stream@0.0.11","MIT,Apache2","https://github.com/dominictarr/pause-stream"
"pbkdf2@3.0.16","MIT","https://github.com/crypto-browserify/pbkdf2"
"performance-now@2.1.0","MIT","https://github.com/braveg1rl/performance-now"
"pify@2.3.0","MIT","https://github.com/sindresorhus/pify"
"pify@3.0.0","MIT","https://github.com/sindresorhus/pify"
"pinkie-promise@2.0.1","MIT","https://github.com/floatdrop/pinkie-promise"
"pinkie@2.0.4","MIT","https://github.com/floatdrop/pinkie"
"pkg-dir@1.0.0","MIT","https://github.com/sindresorhus/pkg-dir"
"pkg-dir@2.0.0","MIT","https://github.com/sindresorhus/pkg-dir"
"pkg-dir@3.0.0","MIT","https://github.com/sindresorhus/pkg-dir"
"pluralize@7.0.0","MIT","https://github.com/blakeembrey/pluralize"
"popper.js@1.14.4","MIT","https://github.com/FezVrasta/popper.js"
"portfinder@1.0.20","MIT","https://github.com/indexzero/node-portfinder"
"posix-character-classes@0.1.1","MIT","https://github.com/jonschlinkert/posix-character-classes"
"postcss-calc@5.3.1","MIT","https://github.com/postcss/postcss-calc"
"postcss-colormin@2.2.2","MIT","https://github.com/ben-eb/postcss-colormin"
"postcss-convert-values@2.6.1","MIT","https://github.com/ben-eb/postcss-convert-values"
"postcss-discard-comments@2.0.4","MIT","https://github.com/ben-eb/postcss-discard-comments"
"postcss-discard-duplicates@2.1.0","MIT","https://github.com/ben-eb/postcss-discard-duplicates"
"postcss-discard-empty@2.1.0","MIT","https://github.com/ben-eb/postcss-discard-empty"
"postcss-discard-overridden@0.1.1","MIT","https://github.com/Justineo/postcss-discard-overridden"
"postcss-discard-unused@2.2.3","MIT","https://github.com/ben-eb/postcss-discard-unused"
"postcss-filter-plugins@2.0.2","MIT","https://github.com/postcss/postcss-filter-plugins"
"postcss-merge-idents@2.1.7","MIT","https://github.com/ben-eb/postcss-merge-idents"
"postcss-merge-longhand@2.0.2","MIT","https://github.com/ben-eb/postcss-merge-longhand"
"postcss-merge-rules@2.1.2","MIT","https://github.com/ben-eb/postcss-merge-rules"
"postcss-message-helpers@2.0.0","MIT","https://github.com/MoOx/postcss-message-helpers"
"postcss-minify-font-values@1.0.5","MIT","https://github.com/TrySound/postcss-minify-font-values"
"postcss-minify-gradients@1.0.5","MIT","https://github.com/ben-eb/postcss-minify-gradients"
"postcss-minify-params@1.2.2","MIT","https://github.com/ben-eb/postcss-minify-params"
"postcss-minify-selectors@2.1.1","MIT","https://github.com/ben-eb/postcss-minify-selectors"
"postcss-modules-extract-imports@1.2.0","ISC","https://github.com/css-modules/postcss-modules-extract-imports"
"postcss-modules-local-by-default@1.2.0","MIT","https://github.com/css-modules/postcss-modules-local-by-default"
"postcss-modules-scope@1.1.0","ISC","https://github.com/css-modules/postcss-modules-scope"
"postcss-modules-values@1.3.0","ISC","https://github.com/css-modules/postcss-modules-values"
"postcss-normalize-charset@1.1.1","MIT","https://github.com/ben-eb/postcss-charset"
"postcss-normalize-url@3.0.8","MIT","https://github.com/ben-eb/postcss-normalize-url"
"postcss-ordered-values@2.2.3","MIT","https://github.com/ben-eb/postcss-ordered-values"
"postcss-reduce-idents@2.4.0","MIT","https://github.com/ben-eb/postcss-reduce-idents"
"postcss-reduce-initial@1.0.1","MIT","https://github.com/ben-eb/postcss-reduce-initial"
"postcss-reduce-transforms@1.0.4","MIT","https://github.com/ben-eb/postcss-reduce-transforms"
"postcss-selector-parser@2.2.3","MIT","https://github.com/postcss/postcss-selector-parser"
"postcss-svgo@2.1.6","MIT","https://github.com/ben-eb/postcss-svgo"
"postcss-unique-selectors@2.0.2","MIT","https://github.com/ben-eb/postcss-unique-selectors"
"postcss-value-parser@3.3.0","MIT","https://github.com/TrySound/postcss-value-parser"
"postcss-zindex@2.2.0","MIT","https://github.com/ben-eb/postcss-zindex"
"postcss@5.2.18","MIT","https://github.com/postcss/postcss"
"postcss@6.0.21","MIT","https://github.com/postcss/postcss"
"prelude-ls@1.1.2","MIT","https://github.com/gkz/prelude-ls"
"prepend-http@1.0.4","MIT","https://github.com/sindresorhus/prepend-http"
"prepend-http@2.0.0","MIT","https://github.com/sindresorhus/prepend-http"
"preserve@0.2.0","MIT","https://github.com/jonschlinkert/preserve"
"prettier@1.13.0","MIT","https://github.com/prettier/prettier"
"pretty-bytes@4.0.2","MIT","https://github.com/sindresorhus/pretty-bytes"
"pretty-error@2.1.1","MIT","https://github.com/AriaMinaei/pretty-error"
"private@0.1.8","MIT","https://github.com/benjamn/private"
"process-nextick-args@1.0.7","MIT","https://github.com/calvinmetcalf/process-nextick-args"
"process-nextick-args@2.0.0","MIT","https://github.com/calvinmetcalf/process-nextick-args"
"process@0.11.10","MIT","https://github.com/shtylman/node-process"
"progress@2.0.0","MIT","https://github.com/visionmedia/node-progress"
"promise-inflight@1.0.1","ISC","https://github.com/iarna/promise-inflight"
"promise@7.3.1","MIT","https://github.com/then/promise"
"prop-types@15.6.0","MIT","https://github.com/reactjs/prop-types"
"prop-types@15.6.2","MIT","https://github.com/facebook/prop-types"
"proxy-addr@2.0.3","MIT","https://github.com/jshttp/proxy-addr"
"proxy-middleware@0.15.0","MIT","https://github.com/andrewrk/connect-proxy"
"prr@1.0.1","MIT","https://github.com/rvagg/prr"
"pseudomap@1.0.2","ISC","https://github.com/isaacs/pseudomap"
"psl@1.1.31","MIT","https://github.com/wrangr/psl"
"public-encrypt@4.0.2","MIT","https://github.com/crypto-browserify/publicEncrypt"
"pump@2.0.1","MIT","https://github.com/mafintosh/pump"
"pump@3.0.0","MIT","https://github.com/mafintosh/pump"
"pumpify@1.5.1","MIT","https://github.com/mafintosh/pumpify"
"punycode@1.3.2","MIT","https://github.com/bestiejs/punycode.js"
"punycode@1.4.1","MIT","https://github.com/bestiejs/punycode.js"
"punycode@2.1.0","MIT","https://github.com/bestiejs/punycode.js"
"q@1.5.1","MIT","https://github.com/kriskowal/q"
"qs@6.5.1","BSD-3-Clause","https://github.com/ljharb/qs"
"qs@6.5.2","BSD-3-Clause","https://github.com/ljharb/qs"
"query-string@4.3.4","MIT","https://github.com/sindresorhus/query-string"
"query-string@5.1.1","MIT","https://github.com/sindresorhus/query-string"
"querystring-es3@0.2.1","MIT","https://github.com/mike-spainhower/querystring"
"querystring@0.2.0","MIT","https://github.com/Gozala/querystring"
"querystringify@2.1.0","MIT","https://github.com/unshiftio/querystringify"
"randomatic@3.1.1","MIT","https://github.com/jonschlinkert/randomatic"
"randombytes@2.0.6","MIT","https://github.com/crypto-browserify/randombytes"
"randomfill@1.0.4","MIT","https://github.com/crypto-browserify/randomfill"
"range-parser@1.2.0","MIT","https://github.com/jshttp/range-parser"
"raw-body@2.3.2","MIT","https://github.com/stream-utils/raw-body"
"react-dom@16.5.2","MIT","https://github.com/facebook/react"
"react-event-listener@0.6.4","MIT","https://github.com/oliviertassinari/react-event-listener"
"react-jss@8.6.1","MIT","https://github.com/cssinjs/react-jss"
"react-konva@1.7.15","MIT","https://github.com/konvajs/react-konva"
"react-lifecycles-compat@3.0.4","MIT","https://github.com/reactjs/react-lifecycles-compat"
"react-reconciler@0.13.0","MIT","https://github.com/facebook/react"
"react-transition-group@2.5.0","BSD-3-Clause","https://github.com/reactjs/react-transition-group"
"react@16.5.2","MIT","https://github.com/facebook/react"
"read-chunk@2.1.0","MIT","https://github.com/sindresorhus/read-chunk"
"read-pkg-up@1.0.1","MIT","https://github.com/sindresorhus/read-pkg-up"
"read-pkg-up@2.0.0","MIT","https://github.com/sindresorhus/read-pkg-up"
"read-pkg-up@3.0.0","MIT","https://github.com/sindresorhus/read-pkg-up"
"read-pkg@1.1.0","MIT","https://github.com/sindresorhus/read-pkg"
"read-pkg@2.0.0","MIT","https://github.com/sindresorhus/read-pkg"
"read-pkg@3.0.0","MIT","https://github.com/sindresorhus/read-pkg"
"readable-stream@1.0.34","MIT","https://github.com/isaacs/readable-stream"
"readable-stream@2.3.3","MIT","https://github.com/nodejs/readable-stream"
"readable-stream@2.3.6","MIT","https://github.com/nodejs/readable-stream"
"readable-stream@3.1.1","MIT","https://github.com/nodejs/readable-stream"
"readdirp@2.1.0","MIT","https://github.com/thlorenz/readdirp"
"readdirp@2.2.1","MIT","https://github.com/paulmillr/readdirp"
"recast@0.12.9","MIT","https://github.com/benjamn/recast"
"recast@0.14.7","MIT","https://github.com/benjamn/recast"
"rechoir@0.6.2","MIT","https://github.com/tkellen/node-rechoir"
"recompose@0.29.0","MIT","https://github.com/acdlite/recompose"
"recompose@0.30.0","MIT","https://github.com/acdlite/recompose"
"redent@1.0.0","MIT","https://github.com/sindresorhus/redent"
"reduce-css-calc@1.3.0","MIT","https://github.com/MoOx/reduce-css-calc"
"reduce-function-call@1.0.2","MIT","https://github.com/MoOx/reduce-function-call"
"regenerate@1.3.3","MIT","https://github.com/mathiasbynens/regenerate"
"regenerator-runtime@0.10.5","MIT","https://github.com/facebook/regenerator/tree/master/packages/regenerator-runtime"
"regenerator-runtime@0.11.0","MIT","https://github.com/facebook/regenerator/tree/master/packages/regenerator-runtime"
"regenerator-runtime@0.12.1","MIT","https://github.com/facebook/regenerator/tree/master/packages/regenerator-runtime"
"regenerator-transform@0.10.1","BSD*","https://github.com/facebook/regenerator/tree/master/packages/regenerator-transform"
"regex-cache@0.4.4","MIT","https://github.com/jonschlinkert/regex-cache"
"regex-not@1.0.2","MIT","https://github.com/jonschlinkert/regex-not"
"regexpp@1.1.0","MIT","https://github.com/mysticatea/regexpp"
"regexpu-core@1.0.0","MIT","https://github.com/mathiasbynens/regexpu-core"
"regexpu-core@2.0.0","MIT","https://github.com/mathiasbynens/regexpu-core"
"regjsgen@0.2.0","MIT","https://github.com/d10/regjsgen"
"regjsparser@0.1.5","BSD*","https://github.com/jviereck/regjsparser"
"relateurl@0.2.7","MIT","https://github.com/stevenvachon/relateurl"
"remove-trailing-separator@1.1.0","ISC","https://github.com/darsain/remove-trailing-separator"
"renderkid@2.0.1","MIT","https://github.com/AriaMinaei/RenderKid"
"repeat-element@1.1.2","MIT","https://github.com/jonschlinkert/repeat-element"
"repeat-string@1.6.1","MIT","https://github.com/jonschlinkert/repeat-string"
"repeating@2.0.1","MIT","https://github.com/sindresorhus/repeating"
"replace-ext@0.0.1","MIT","https://github.com/wearefractal/replace-ext"
"replace-ext@1.0.0","MIT","https://github.com/gulpjs/replace-ext"
"request@2.88.0","Apache-2.0","https://github.com/request/request"
"require-directory@2.1.1","MIT","https://github.com/troygoode/node-require-directory"
"require-main-filename@1.0.1","ISC","https://github.com/yargs/require-main-filename"
"require-uncached@1.0.3","MIT","https://github.com/sindresorhus/require-uncached"
"requires-port@1.0.0","MIT","https://github.com/unshiftio/requires-port"
"resolve-cwd@2.0.0","MIT","https://github.com/sindresorhus/resolve-cwd"
"resolve-dir@1.0.1","MIT","https://github.com/jonschlinkert/resolve-dir"
"resolve-from@1.0.1","MIT","https://github.com/sindresorhus/resolve-from"
"resolve-from@3.0.0","MIT","https://github.com/sindresorhus/resolve-from"
"resolve-url@0.2.1","MIT","https://github.com/lydell/resolve-url"
"resolve@1.7.1","MIT","https://github.com/browserify/resolve"
"responselike@1.0.2","MIT","https://github.com/lukechilds/responselike"
"restore-cursor@1.0.1","MIT","https://github.com/sindresorhus/restore-cursor"
"restore-cursor@2.0.0","MIT","https://github.com/sindresorhus/restore-cursor"
"ret@0.1.15","MIT","https://github.com/fent/ret.js"
"rimraf@2.2.8","MIT","https://github.com/isaacs/rimraf"
"rimraf@2.6.2","ISC","https://github.com/isaacs/rimraf"
"ripemd160@2.0.2","MIT","https://github.com/crypto-browserify/ripemd160"
"run-async@2.3.0","MIT","https://github.com/SBoudrias/run-async"
"run-queue@1.0.3","ISC","https://github.com/iarna/run-queue"
"rx-lite-aggregates@4.0.8","Apache License, Version 2.0","https://github.com/Reactive-Extensions/RxJS"
"rx-lite@4.0.8","Apache License, Version 2.0","https://github.com/Reactive-Extensions/RxJS"
"rxjs@5.5.11","Apache-2.0","https://github.com/ReactiveX/RxJS"
"rxjs@6.2.0","Apache-2.0","https://github.com/ReactiveX/RxJS"
"safe-buffer@5.1.1","MIT","https://github.com/feross/safe-buffer"
"safe-buffer@5.1.2","MIT","https://github.com/feross/safe-buffer"
"safe-regex@1.1.0","MIT","https://github.com/substack/safe-regex"
"safer-buffer@2.1.2","MIT","https://github.com/ChALkeR/safer-buffer"
"sass-graph@2.2.4","MIT","https://github.com/xzyfer/sass-graph"
"sass-loader@7.0.1","MIT","https://github.com/webpack-contrib/sass-loader"
"sax@1.2.4","ISC","https://github.com/isaacs/sax-js"
"schedule@0.3.0","MIT","https://github.com/facebook/react"
"schedule@0.5.0","MIT","https://github.com/facebook/react"
"schema-utils@0.4.5","MIT","https://github.com/webpack-contrib/schema-utils"
"schema-utils@1.0.0","MIT","https://github.com/webpack-contrib/schema-utils"
"scoped-regex@1.0.0","MIT","https://github.com/sindresorhus/scoped-regex"
"scss-tokenizer@0.2.3","MIT","https://github.com/sasstools/scss-tokenizer"
"select-hose@2.0.0","MIT","https://github.com/indutny/select-hose"
"selfsigned@1.10.4","MIT","https://github.com/jfromaniello/selfsigned"
"semver@5.3.0","ISC","https://github.com/npm/node-semver"
"semver@5.5.0","ISC","https://github.com/npm/node-semver"
"semver@5.6.0","ISC","https://github.com/npm/node-semver"
"send@0.16.2","MIT","https://github.com/pillarjs/send"
"serialize-javascript@1.5.0","BSD-3-Clause","https://github.com/yahoo/serialize-javascript"
"serve-index@1.9.1","MIT","https://github.com/expressjs/serve-index"
"serve-static@1.13.2","MIT","https://github.com/expressjs/serve-static"
"set-blocking@2.0.0","ISC","https://github.com/yargs/set-blocking"
"set-immediate-shim@1.0.1","MIT","https://github.com/sindresorhus/set-immediate-shim"
"set-value@0.4.3","MIT","https://github.com/jonschlinkert/set-value"
"set-value@2.0.0","MIT","https://github.com/jonschlinkert/set-value"
"setimmediate@1.0.5","MIT","https://github.com/YuzuJS/setImmediate"
"setprototypeof@1.0.3","ISC","https://github.com/wesleytodd/setprototypeof"
"setprototypeof@1.1.0","ISC","https://github.com/wesleytodd/setprototypeof"
"sha.js@2.4.11","(MIT AND BSD-3-Clause)","https://github.com/crypto-browserify/sha.js"
"shallow-clone@1.0.0","MIT","https://github.com/jonschlinkert/shallow-clone"
"shebang-command@1.2.0","MIT","https://github.com/kevva/shebang-command"
"shebang-regex@1.0.0","MIT","https://github.com/sindresorhus/shebang-regex"
"shelljs@0.8.2","BSD-3-Clause","https://github.com/shelljs/shelljs"
"signal-exit@3.0.2","ISC","https://github.com/tapjs/signal-exit"
"simengine@1.0.0","UNKNOWN","https://github.com/Seneca-CDOT/simengine"
"slash@1.0.0","MIT","https://github.com/sindresorhus/slash"
"slice-ansi@0.0.4","MIT","https://github.com/chalk/slice-ansi"
"slice-ansi@1.0.0","MIT","https://github.com/chalk/slice-ansi"
"slide@1.1.6","ISC","https://github.com/isaacs/slide-flow-control"
"snapdragon-node@2.1.1","MIT","https://github.com/jonschlinkert/snapdragon-node"
"snapdragon-util@3.0.1","MIT","https://github.com/jonschlinkert/snapdragon-util"
"snapdragon@0.8.2","MIT","https://github.com/jonschlinkert/snapdragon"
"socket.io-adapter@1.1.1","MIT","https://github.com/socketio/socket.io-adapter"
"socket.io-client@2.1.1","MIT","https://github.com/Automattic/socket.io-client"
"socket.io-parser@3.2.0","MIT","https://github.com/Automattic/socket.io-parser"
"socket.io@2.1.1","MIT","https://github.com/socketio/socket.io"
"sockjs-client@1.3.0","MIT","https://github.com/sockjs/sockjs-client"
"sockjs@0.3.19","MIT","https://github.com/sockjs/sockjs-node"
"sort-keys@1.1.2","MIT","https://github.com/sindresorhus/sort-keys"
"sort-keys@2.0.0","MIT","https://github.com/sindresorhus/sort-keys"
"source-list-map@2.0.0","MIT","https://github.com/webpack/source-list-map"
"source-map-resolve@0.5.2","MIT","https://github.com/lydell/source-map-resolve"
"source-map-support@0.4.18","MIT","https://github.com/evanw/node-source-map-support"
"source-map-url@0.4.0","MIT","https://github.com/lydell/source-map-url"
"source-map@0.4.4","BSD-3-Clause","https://github.com/mozilla/source-map"
"source-map@0.5.7","BSD-3-Clause","https://github.com/mozilla/source-map"
"source-map@0.6.1","BSD-3-Clause","https://github.com/mozilla/source-map"
"spdx-correct@3.0.0","Apache-2.0","https://github.com/jslicense/spdx-correct.js"
"spdx-exceptions@2.1.0","CC-BY-3.0","https://github.com/kemitchell/spdx-exceptions.json"
"spdx-expression-parse@3.0.0","MIT","https://github.com/jslicense/spdx-expression-parse.js"
"spdx-license-ids@3.0.0","CC0-1.0","https://github.com/shinnn/spdx-license-ids"
"spdy-transport@3.0.0","MIT","https://github.com/spdy-http2/spdy-transport"
"spdy@4.0.0","MIT","https://github.com/indutny/node-spdy"
"split-string@3.1.0","MIT","https://github.com/jonschlinkert/split-string"
"split@0.3.3","MIT","https://github.com/dominictarr/split"
"sprintf-js@1.0.3","BSD-3-Clause","https://github.com/alexei/sprintf.js"
"sshpk@1.16.1","MIT","https://github.com/joyent/node-sshpk"
"ssri@5.3.0","ISC","https://github.com/zkat/ssri"
"static-extend@0.1.2","MIT","https://github.com/jonschlinkert/static-extend"
"statuses@1.3.1","MIT","https://github.com/jshttp/statuses"
"statuses@1.4.0","MIT","https://github.com/jshttp/statuses"
"stdout-stream@1.4.1","MIT","https://github.com/mafintosh/stdout-stream"
"stream-browserify@2.0.1","MIT","https://github.com/substack/stream-browserify"
"stream-combiner@0.0.4","MIT","https://github.com/dominictarr/stream-combiner"
"stream-each@1.2.2","MIT","https://github.com/mafintosh/stream-each"
"stream-http@2.8.2","MIT","https://github.com/jhiesey/stream-http"
"stream-shift@1.0.0","MIT","https://github.com/mafintosh/stream-shift"
"strict-uri-encode@1.1.0","MIT","https://github.com/kevva/strict-uri-encode"
"string-template@0.2.1","MIT","https://github.com/Matt-Esch/string-template"
"string-width@1.0.2","MIT","https://github.com/sindresorhus/string-width"
"string-width@2.1.1","MIT","https://github.com/sindresorhus/string-width"
"string_decoder@0.10.31","MIT","https://github.com/rvagg/string_decoder"
"string_decoder@1.0.3","MIT","https://github.com/rvagg/string_decoder"
"string_decoder@1.1.1","MIT","https://github.com/nodejs/string_decoder"
"string_decoder@1.2.0","MIT","https://github.com/nodejs/string_decoder"
"strip-ansi@0.1.1","MIT","https://github.com/sindresorhus/strip-ansi"
"strip-ansi@3.0.1","MIT","https://github.com/chalk/strip-ansi"
"strip-ansi@4.0.0","MIT","https://github.com/chalk/strip-ansi"
"strip-bom-stream@2.0.0","MIT","https://github.com/sindresorhus/strip-bom-stream"
"strip-bom@2.0.0","MIT","https://github.com/sindresorhus/strip-bom"
"strip-bom@3.0.0","MIT","https://github.com/sindresorhus/strip-bom"
"strip-eof@1.0.0","MIT","https://github.com/sindresorhus/strip-eof"
"strip-indent@1.0.1","MIT","https://github.com/sindresorhus/strip-indent"
"strip-json-comments@2.0.1","MIT","https://github.com/sindresorhus/strip-json-comments"
"style-loader@0.21.0","MIT","https://github.com/webpack-contrib/style-loader"
"supports-color@2.0.0","MIT","https://github.com/chalk/supports-color"
"supports-color@3.2.3","MIT","https://github.com/chalk/supports-color"
"supports-color@5.3.0","MIT","https://github.com/chalk/supports-color"
"supports-color@5.4.0","MIT","https://github.com/chalk/supports-color"
"supports-color@5.5.0","MIT","https://github.com/chalk/supports-color"
"svgo@0.7.2","MIT","https://github.com/svg/svgo"
"symbol-observable@1.0.1","MIT","https://github.com/blesh/symbol-observable"
"symbol-observable@1.0.4","MIT","https://github.com/blesh/symbol-observable"
"symbol-observable@1.2.0","MIT","https://github.com/blesh/symbol-observable"
"table@4.0.2","BSD-3-Clause","https://github.com/gajus/table"
"tapable@1.0.0","MIT","https://github.com/webpack/tapable"
"tar@2.2.1","ISC","https://github.com/isaacs/node-tar"
"temp@0.8.3","MIT","https://github.com/bruce/node-temp"
"text-table@0.2.0","MIT","https://github.com/substack/text-table"
"textextensions@2.2.0","MIT","https://github.com/bevry/textextensions"
"theming@1.3.0","MIT","https://github.com/iamstarkov/theming"
"through2@2.0.3","MIT","https://github.com/rvagg/through2"
"through@2.3.8","MIT","https://github.com/dominictarr/through"
"thunky@1.0.3","MIT","https://github.com/mafintosh/thunky"
"timed-out@4.0.1","MIT","https://github.com/floatdrop/timed-out"
"timers-browserify@2.0.10","MIT","https://github.com/jryans/timers-browserify"
"tmp@0.0.33","MIT","https://github.com/raszi/node-tmp"
"to-array@0.1.4","MIT","https://github.com/Raynos/to-array"
"to-arraybuffer@1.0.1","MIT","https://github.com/jhiesey/to-arraybuffer"
"to-fast-properties@1.0.3","MIT","https://github.com/sindresorhus/to-fast-properties"
"to-fast-properties@2.0.0","MIT","https://github.com/sindresorhus/to-fast-properties"
"to-object-path@0.3.0","MIT","https://github.com/jonschlinkert/to-object-path"
"to-regex-range@2.1.1","MIT","https://github.com/micromatch/to-regex-range"
"to-regex@3.0.2","MIT","https://github.com/jonschlinkert/to-regex"
"toposort@1.0.6","MIT","https://github.com/marcelklehr/toposort"
"tough-cookie@2.4.3","BSD-3-Clause","https://github.com/salesforce/tough-cookie"
"trim-newlines@1.0.0","MIT","https://github.com/sindresorhus/trim-newlines"
"trim-right@1.0.1","MIT","https://github.com/sindresorhus/trim-right"
"true-case-path@1.0.3","Apache-2.0","https://github.com/barsh/true-case-path"
"tryer@1.0.0","MIT","https://github.com/philbooth/tryer"
"tslib@1.9.1","Apache-2.0","https://github.com/Microsoft/tslib"
"tty-browserify@0.0.0","MIT","https://github.com/substack/tty-browserify"
"tunnel-agent@0.6.0","Apache-2.0","https://github.com/mikeal/tunnel-agent"
"tweetnacl@0.14.5","Unlicense","https://github.com/dchest/tweetnacl-js"
"type-check@0.3.2","MIT","https://github.com/gkz/type-check"
"type-is@1.6.16","MIT","https://github.com/jshttp/type-is"
"typedarray@0.0.6","MIT","https://github.com/substack/typedarray"
"ua-parser-js@0.7.14","(GPL-2.0 OR MIT)","https://github.com/faisalman/ua-parser-js"
"ua-parser-js@0.7.18","(GPL-2.0 OR MIT)","https://github.com/faisalman/ua-parser-js"
"uglify-es@3.3.9","BSD-2-Clause","https://github.com/mishoo/UglifyJS2.git#harmony"
"uglify-js@3.3.18","BSD-2-Clause","https://github.com/mishoo/UglifyJS2"
"uglify-js@3.4.9","BSD-2-Clause","https://github.com/mishoo/UglifyJS2"
"uglifyjs-webpack-plugin@1.2.5","MIT","https://github.com/webpack-contrib/uglifyjs-webpack-plugin"
"ultron@1.1.1","MIT","https://github.com/unshiftio/ultron"
"underscore@1.6.0","MIT","https://github.com/jashkenas/underscore"
"union-value@1.0.0","MIT","https://github.com/jonschlinkert/union-value"
"uniq@1.0.1","MIT","https://github.com/mikolalysenko/uniq"
"uniqid@4.1.1","MIT","https://github.com/adamhalasz/uniqid"
"uniqs@2.0.0","MIT","https://github.com/fgnass/uniqs"
"unique-filename@1.1.0","ISC","https://github.com/iarna/unique-filename"
"unique-slug@2.0.0","ISC","https://github.com/iarna/unique-slug"
"unix-crypt-td-js@1.0.0","BSD-3-Clause","https://github.com/TimDumol/unix-crypt-td-js"
"unpipe@1.0.0","MIT","https://github.com/stream-utils/unpipe"
"unset-value@1.0.0","MIT","https://github.com/jonschlinkert/unset-value"
"untildify@3.0.3","MIT","https://github.com/sindresorhus/untildify"
"upath@1.1.0","MIT","https://github.com/anodynos/upath"
"upper-case@1.1.3","MIT","https://github.com/blakeembrey/upper-case"
"uri-js@3.0.2","BSD-2-Clause","https://github.com/garycourt/uri-js"
"uri-js@4.2.2","BSD-2-Clause","https://github.com/garycourt/uri-js"
"urix@0.1.0","MIT","https://github.com/lydell/urix"
"url-loader@1.0.1","MIT","https://github.com/webpack-contrib/url-loader"
"url-parse-lax@1.0.0","MIT","https://github.com/sindresorhus/url-parse-lax"
"url-parse-lax@3.0.0","MIT","https://github.com/sindresorhus/url-parse-lax"
"url-parse@1.4.4","MIT","https://github.com/unshiftio/url-parse"
"url-to-options@1.0.1","MIT","https://github.com/stevenvachon/url-to-options"
"url@0.11.0","MIT","https://github.com/defunctzombie/node-url"
"use@3.1.0","MIT","https://github.com/jonschlinkert/use"
"user-home@1.1.1","MIT","https://github.com/sindresorhus/user-home"
"util-deprecate@1.0.2","MIT","https://github.com/TooTallNate/util-deprecate"
"util.promisify@1.0.0","MIT","https://github.com/ljharb/util.promisify"
"util@0.10.3","MIT","https://github.com/defunctzombie/node-util"
"utila@0.3.3","MIT","https://github.com/AriaMinaei/utila"
"utila@0.4.0","MIT","https://github.com/AriaMinaei/utila"
"utils-merge@1.0.1","MIT","https://github.com/jaredhanson/utils-merge"
"uuid@3.3.2","MIT","https://github.com/kelektiv/node-uuid"
"v8-compile-cache@2.0.0","MIT",""
"v8flags@2.1.1","MIT","https://github.com/tkellen/node-v8flags"
"validate-npm-package-license@3.0.3","Apache-2.0","https://github.com/kemitchell/validate-npm-package-license.js"
"vary@1.1.2","MIT","https://github.com/jshttp/vary"
"vendors@1.0.1","MIT","https://github.com/wooorm/vendors"
"verror@1.10.0","MIT","https://github.com/davepacheco/node-verror"
"vinyl-file@2.0.0","MIT","https://github.com/sindresorhus/vinyl-file"
"vinyl@1.2.0","MIT","https://github.com/gulpjs/vinyl"
"vinyl@2.1.0","MIT","https://github.com/gulpjs/vinyl"
"vm-browserify@0.0.4","MIT","https://github.com/substack/vm-browserify"
"warning@3.0.0","BSD-3-Clause","https://github.com/BerkeleyTrue/warning"
"warning@4.0.2","MIT","https://github.com/BerkeleyTrue/warning"
"watchpack@1.6.0","MIT","https://github.com/webpack/watchpack"
"wbuf@1.7.3","MIT","https://github.com/indutny/wbuf"
"webassemblyjs@1.4.3","MIT","https://github.com/xtuc/webassemblyjs"
"webpack-addons@1.1.5","MIT","https://github.com/webpack-contrib/webpack-addons"
"webpack-bundle-analyzer@2.13.1","MIT","https://github.com/webpack-contrib/webpack-bundle-analyzer"
"webpack-cli@2.1.4","MIT","https://github.com/webpack/webpack-cli"
"webpack-dashboard@2.0.0","MIT","https://github.com/FormidableLabs/webpack-dashboard"
"webpack-dev-middleware@3.4.0","MIT","https://github.com/webpack/webpack-dev-middleware"
"webpack-dev-server@3.1.14","MIT","https://github.com/webpack/webpack-dev-server"
"webpack-log@2.0.0","MIT","https://github.com/webpack-contrib/webpack-log"
"webpack-merge@4.1.2","MIT","https://github.com/survivejs/webpack-merge"
"webpack-sources@1.1.0","MIT","https://github.com/webpack/webpack-sources"
"webpack@4.9.1","MIT","https://github.com/webpack/webpack"
"websocket-driver@0.7.0","MIT","https://github.com/faye/websocket-driver-node"
"websocket-extensions@0.1.3","MIT","https://github.com/faye/websocket-extensions-node"
"whatwg-fetch@2.0.3","MIT","https://github.com/github/fetch"
"whet.extend@0.9.9","MIT","https://github.com/Meettya/whet.extend"
"which-module@1.0.0","ISC","https://github.com/nexdrew/which-module"
"which-module@2.0.0","ISC","https://github.com/nexdrew/which-module"
"which@1.3.0","ISC","https://github.com/isaacs/node-which"
"wide-align@1.1.3","ISC","https://github.com/iarna/wide-align"
"wordwrap@0.0.3","MIT","https://github.com/substack/node-wordwrap"
"wordwrap@1.0.0","MIT","https://github.com/substack/node-wordwrap"
"worker-farm@1.6.0","MIT","https://github.com/rvagg/node-worker-farm"
"wrap-ansi@2.1.0","MIT","https://github.com/chalk/wrap-ansi"
"wrappy@1.0.2","ISC","https://github.com/npm/wrappy"
"write-file-atomic@1.3.4","ISC","https://github.com/iarna/write-file-atomic"
"write@0.2.1","MIT","https://github.com/jonschlinkert/write"
"ws@3.3.3","MIT","https://github.com/websockets/ws"
"ws@4.1.0","MIT","https://github.com/websockets/ws"
"xmlhttprequest-ssl@1.5.5","MIT","https://github.com/mjwwit/node-XMLHttpRequest"
"xregexp@4.0.0","MIT","https://github.com/slevithan/xregexp"
"xtend@4.0.1","MIT","https://github.com/Raynos/xtend"
"y18n@3.2.1","ISC","https://github.com/yargs/y18n"
"y18n@4.0.0","ISC","https://github.com/yargs/y18n"
"yallist@2.1.2","ISC","https://github.com/isaacs/yallist"
"yargs-parser@10.1.0","ISC","https://github.com/yargs/yargs-parser"
"yargs-parser@5.0.0","ISC","https://github.com/yargs/yargs-parser"
"yargs-parser@9.0.2","ISC","https://github.com/yargs/yargs-parser"
"yargs@1.2.6","MIT*","https://github.com/chevex/yargs"
"yargs@11.0.0","MIT","https://github.com/yargs/yargs"
"yargs@11.1.0","MIT","https://github.com/yargs/yargs"
"yargs@12.0.2","MIT","https://github.com/yargs/yargs"
"yargs@7.1.0","MIT","https://github.com/yargs/yargs"
"yeast@0.1.2","MIT","https://github.com/unshiftio/yeast"
"yeoman-environment@2.1.1","BSD-2-Clause","https://github.com/yeoman/environment"
"yeoman-generator@2.0.5","BSD-2-Clause","https://github.com/yeoman/generator"